"sname","fname","labour","tory","lnrealgross","lnrealnet","treated","yob","yod","scat_pub","scat_eto","scat_sec","scat_nm","ucat_ox","ucat_deg","ucat_nm","aristo","female","oc_teacherall","oc_barrister","oc_solicitor","oc_dr","oc_civil_serv","oc_local_politics","oc_business","oc_white_collar","oc_union_org","oc_journalist","oc_miner","wobl_race_region","pre_wobl","wobl_race_electorate","wobl_race_turnout","wobl_race_effective_number_of_ca","wobl_margin","directorships_1983"
"Llewellyn","David",0,1,12.1359062194824,12.1359062194824,1,1916,1992,0,1,0,0,1,0,0,0,0,0,0,0,0,0,0,0,0,0,0,0,"Wales",NA,60543,0.843796968460083,2.47129535675049,0.0569040440022945,0
"Morris","Claud",1,0,12.4480905532837,12.4480905532837,0,1920,2000,0,0,0,1,0,0,1,0,0,0,0,0,0,0,0,0,0,0,1,0,"South West England",NA,58800,0.851394534111023,2.38450956344604,-0.0497383251786232,0
"Walker","George",0,1,12.4284496307373,10.3490085601807,0,1914,1999,1,0,0,0,0,0,1,0,0,0,0,0,0,0,0,1,0,0,0,0,"North East England",-0.0571682043373585,53907,0.812695920467377,1.99654674530029,-0.0415886789560318,0
"Walker","Harold",1,0,11.9184522628784,12.3950338363647,1,1927,2003,0,0,0,1,0,1,0,0,0,0,0,0,0,0,0,0,0,0,0,0,"Yorkshire and Humberside",-0.0725088939070702,57748,0.827353298664093,2.10047817230225,0.0232952404767275,NA
"Waring","John",0,1,13.5202188491821,13.5202188491821,0,1923,1989,1,0,0,0,0,0,1,0,0,0,0,0,0,0,0,0,0,0,0,0,"Greater London",-0.269689619541168,62561,0.660347521305084,1.89951086044312,-0.230005815625191,0
"Brown","Ronald",1,0,12.4605150222778,9.63183689117432,1,1921,2002,0,0,0,1,0,1,0,0,0,0,0,0,0,0,1,0,0,0,0,0,"Greater London",0.340958684682846,47791,0.556987702846527,1.76149046421051,0.367970257997513,1
"Pine","Leslie",0,1,11.9858360290527,11.9858360290527,0,1907,1987,1,0,0,0,0,1,0,0,0,0,1,0,0,0,0,0,0,0,1,0,"South West England",-0.210566833615303,49476,0.750141501426697,1.989501953125,-0.0726410523056984,0
"Pink","Bonner",0,1,11.6340312957764,11.6340312957764,1,1912,1984,1,0,0,0,0,0,1,0,0,0,0,0,0,0,1,1,0,0,0,0,"South East England",0.273771911859512,52941,0.707410156726837,1.91324293613434,0.212944909930229,0
"Webster","Reginald",0,1,12.5162544250488,12.5100364685059,0,1905,1998,0,0,0,1,0,1,0,0,0,0,0,0,1,0,0,0,0,0,0,0,"North West England",-0.169646635651588,51188,0.802180171012878,1.99958157539368,-0.0144659299403429,0
"Ridley","Jasper",1,0,14.6608619689941,14.6528215408325,0,1920,2004,0,0,0,1,1,0,0,0,0,0,1,0,0,0,1,0,0,0,0,0,"South West England",-0.078550897538662,53238,0.841166079044342,2.76749801635742,-0.130096912384033,0
"Underhill","Michael",0,1,12.5559692382812,12.5559692382812,0,1918,1987,1,0,0,0,1,0,0,0,0,0,1,0,0,0,0,0,0,0,0,0,"Greater London",-0.143719226121902,55290,0.76417076587677,1.99399304389954,-0.0548862740397453,0
"Roberts","Thomas",1,0,11.0881290435791,11.0374803543091,0,1915,2003,0,0,0,1,0,1,0,0,0,1,0,0,0,0,0,0,0,0,0,1,"Yorkshire and Humberside",-0.00193054799456149,47178,0.904828548431396,2.32284998893738,-0.0352089591324329,0
"Roberts","Gwilym",1,0,11.8629865646362,11.8629865646362,1,1928,1987,0,0,0,1,0,0,1,0,0,0,0,0,0,0,1,0,0,0,1,0,"East of England",-0.00503437919542193,86403,0.837378323078156,2.41359543800354,0.0584641769528389,0
"Roberts","Shelagh",0,1,13.6942405700684,13.6942405700684,0,1924,1992,1,0,0,0,0,0,1,0,1,0,0,0,0,1,1,0,0,0,0,0,"Wales",-0.231120675802231,40671,0.803766787052155,2.49890971183777,-0.301682472229004,0
"Roberts","Gordon",1,0,12.4320087432861,8.64781951904297,0,1921,2003,0,0,0,1,0,0,1,0,0,0,0,0,0,0,0,0,0,0,0,0,"East Midlands",-0.0568260997533798,72980,0.778665363788605,2.41807341575623,-0.139704719185829,0
"Coles","Gerald",0,1,11.4688024520874,11.4436883926392,0,1933,2002,1,0,0,0,1,0,0,0,0,0,1,0,0,0,0,0,0,0,0,0,"North East England",-0.0886611342430115,53224,0.838813304901123,1.98928225040436,-0.0734012797474861,0
"Grant","William",0,1,12.1359062194824,12.1359062194824,1,1909,1992,1,0,0,0,1,0,0,0,0,0,0,0,0,0,0,0,0,0,0,0,"Scotland",0.0673992484807968,48632,0.727689564228058,1.97086179256439,0.121591456234455,0
"Grant","John",1,0,12.7180261611938,12.689694404602,1,1932,2000,1,0,0,0,0,0,1,0,0,0,0,0,0,0,0,0,0,0,1,0,"Greater London",0.290152043104172,43705,0.518018543720245,1.89534533023834,0.234982326626778,0
"Rees","Robert",1,0,12.0074434280396,12.0074434280396,0,1911,1997,0,0,0,1,0,0,1,0,0,1,0,0,0,0,0,0,0,0,0,0,"Greater London",-0.0276633538305759,61408,0.878550052642822,2.24349355697632,-0.0587766468524933,0
"Cryer","Robert",1,0,12.4774227142334,12.4774227142334,1,1934,1994,0,0,1,0,0,1,0,0,0,1,0,0,0,0,0,0,0,0,0,0,"North West England",-0.178920730948448,58014,0.836746275424957,2.88878202438354,-0.0985518023371696,0
"Horne","Hampden",1,0,11.948826789856,11.948826789856,0,1903,1993,1,0,0,0,0,1,0,0,0,0,0,0,0,0,1,0,0,0,0,0,"East of England",-0.134375870227814,47922,0.795730590820312,2.26946187019348,-0.168305665254593,0
"Bidgood","John",0,1,12.7887620925903,12.7730436325073,1,1914,2001,1,0,0,0,1,0,0,0,0,0,0,0,0,0,0,0,1,0,0,0,"North West England",0.0325995124876499,65379,0.801648855209351,1.98981881141663,0.0715307891368866,7
"Fidler","Michael",0,1,13.1590299606323,13.1590299606323,1,1916,1989,0,0,1,0,0,1,0,0,0,0,0,0,0,0,1,0,0,0,0,0,"North West England",-0.0831643790006638,74576,0.756114542484283,1.99356365203857,0.0568206012248993,0
"Faulds","Andrew",1,0,12.4480905532837,12.399299621582,1,1923,2000,0,0,1,0,0,1,0,0,0,0,0,0,0,0,0,0,0,0,0,0,"South West England",-0.0506278537213802,44960,0.753959059715271,2.03810977935791,0.102955929934978,0
"Greene","Royden",0,1,12.4284496307373,11.8306121826172,0,1917,1999,1,0,0,0,0,0,1,0,0,0,0,0,0,0,1,1,0,0,0,0,"East Midlands",-0.257032424211502,52999,0.672937214374542,1.9845290184021,-0.0882938429713249,0
"McWhirter","Norris",0,1,15.0326166152954,15.0311727523804,0,1925,2004,1,0,0,0,1,0,0,0,0,0,0,0,0,0,0,0,0,0,1,0,"South East England",-0.0656256005167961,55776,0.869155168533325,2.40824866294861,-0.0334584750235081,3
"Bourne-Arton","Anthony",0,1,12.8456001281738,12.8456001281738,1,1913,1996,1,0,0,0,0,0,1,0,0,0,0,0,0,0,0,0,0,0,0,0,"North East England",0.0527283512055874,59342,0.843955397605896,2.45471906661987,0.0881953611969948,0
"Baker","Wilfred",0,1,12.4480905532837,11.7061529159546,1,1920,2000,1,0,0,0,0,1,0,0,0,0,0,0,0,0,0,0,0,0,0,0,"Scotland",0.411134600639343,30880,0.677558302879333,2.74233365058899,0.211298570036888,0
"Baker","Douglas",1,0,11.3777084350586,11.3777084350586,0,1931,1985,0,0,1,0,0,1,0,0,0,0,0,0,0,0,0,0,0,0,0,0,"East of England",-0.00684761209413409,72320,0.786753296852112,2.315598487854,-0.0970684364438057,0
"Stone","Frank",1,0,11.8396835327148,11.8396835327148,0,1905,1988,0,0,1,0,0,0,1,0,0,0,0,0,0,0,1,0,0,0,0,0,"East of England",-0.145861193537712,54436,0.799360692501068,2.52078557014465,-0.155972793698311,0
"Berkeley","Humphry",0,1,12.7020397186279,12.7020397186279,1,1926,1994,1,0,0,0,1,0,0,0,0,1,0,0,0,0,0,0,0,0,0,0,"North West England",0.129243969917297,43714,0.824404060840607,1.95402264595032,0.153393641114235,0
"Lee","Edwin",0,1,12.2504005432129,12.2504005432129,0,1911,1989,1,0,0,0,0,1,0,0,0,1,0,0,0,0,1,0,0,0,0,0,"Greater London",-0.316821187734604,47354,0.627444326877594,1.84112727642059,-0.293753355741501,0
"Dilks","John",1,0,12.8428840637207,12.8370094299316,0,1933,2005,0,0,1,0,0,1,0,0,0,0,0,0,0,0,0,1,0,0,0,0,"East Midlands",-0.225506827235222,44344,0.858131885528564,2.83827066421509,-0.188053503632545,0
"Read","George",1,0,12.489673614502,12.3073511123657,0,1937,2004,1,0,0,0,1,0,0,0,0,0,0,0,0,0,1,0,1,0,0,0,"North West England",-0.121692210435867,64639,0.817060887813568,2.55806732177734,-0.0795811712741852,0
"Cowling","Maurice",0,1,12.597954750061,11.7433576583862,0,1926,2005,0,0,0,1,1,0,0,0,0,1,0,0,0,0,0,0,0,0,1,0,"East Midlands",-0.162125930190086,59907,0.801859557628632,1.9497344493866,-0.160563737154007,0
"Jenkin-Jones","Peter",0,1,14.2225685119629,14.2225685119629,0,1928,1995,1,0,0,0,1,0,0,0,0,0,0,1,0,0,0,0,0,0,0,0,"East Midlands",-0.048688966780901,54597,0.849350690841675,1.99708378314972,-0.038212712854147,0
"Irving","Sydney",1,0,12.3121881484985,12.3121881484985,1,1918,1989,1,0,0,0,0,1,0,0,0,1,0,0,0,0,1,0,0,0,0,0,"South East England",NA,58854,0.809766530990601,1.98460125923157,0.088085949420929,0
"Torney","Thomas",1,0,12.4437379837036,10.8343000411987,1,1915,1998,0,0,0,1,0,0,1,0,0,0,0,0,0,0,0,1,0,1,0,0,"Yorkshire and Humberside",0.17172110080719,63443,0.720142483711243,2.50246787071228,0.0432498678565025,0
"Hindle","John",1,0,12.0892448425293,12.0892448425293,0,1920,1991,0,0,0,1,0,0,1,0,0,0,0,0,0,0,0,0,0,0,1,0,"North West England",-0.197237402200699,46699,0.852288067340851,1.88477420806885,-0.247255086898804,0
"Tinn","James",1,0,12.4284496307373,10.8190116882324,1,1922,1999,0,0,0,1,1,0,0,0,0,1,0,0,0,0,0,0,0,0,0,0,"Yorkshire and Humberside",-0.0279395636171103,76693,0.835891127586365,2.68720316886902,0.0697583705186844,0
"Davis","James",0,1,12.549277305603,11.9195032119751,0,1928,2004,1,0,0,0,1,0,0,0,0,0,1,0,0,0,0,0,0,0,0,0,"South East England",-0.0230946037918329,72305,0.814798414707184,2.59583115577698,-0.0827477350831032,0
"Grundy","Colin",1,0,12.0962562561035,12.0962562561035,0,1926,1994,0,0,1,0,0,1,0,0,0,1,0,0,0,0,0,0,0,0,1,0,"East Midlands",0.173075720667839,44811,0.713864922523499,2.38559079170227,-0.00331363896839321,0
"Goodwin","Harry",0,1,13.8350839614868,13.8350839614868,0,1909,1998,1,0,0,0,0,0,1,0,0,0,0,0,0,0,0,0,0,0,0,0,"West Midlands",-0.0188227966427803,77497,0.812508881092072,1.99135410785675,-0.0658916607499123,0
"Reeves","Kenneth",0,1,12.4026613235474,12.4026613235474,0,1932,2004,0,0,1,0,0,1,0,0,0,0,0,0,0,0,1,0,0,0,0,0,"Greater London",-0.142971739172935,56034,0.644733548164368,2.14519119262695,-0.11689317971468,NA
"Ennals","John",1,0,12.7364168167114,12.7364168167114,0,1918,1988,0,0,1,0,1,0,0,0,0,0,0,0,0,0,0,0,0,0,0,0,"West Midlands",NA,56990,0.802386403083801,1.99438655376434,-0.0530528351664543,0
"Monks","Constance",0,1,11.8385982513428,11.8385982513428,1,1911,1989,0,0,1,0,0,1,0,0,1,1,0,0,0,0,1,0,0,0,0,0,"North West England",-0.0950815752148628,71338,0.788345634937286,2.34968113899231,0.0298191644251347,0
"Normanton","Tom",0,1,12.18284034729,12.18284034729,1,1917,1997,0,0,1,0,0,1,0,0,0,0,0,0,0,0,1,0,0,0,0,0,"North West England",-0.00864903442561626,107331,0.799060821533203,2.38400840759277,0.0204514712095261,1
"Clippingdale","Harold",0,1,12.1201086044312,12.1201086044312,0,1908,1993,1,0,0,0,0,0,1,0,0,0,0,0,0,0,0,0,0,0,0,0,"West Midlands",-0.222669556736946,57957,0.863812804222107,1.92923951148987,-0.191514864563942,0
"Pearson-Clarke","Anthony",1,0,12.1462802886963,12.1462802886963,0,1923,1990,0,0,1,0,0,1,0,0,0,0,0,0,0,0,0,0,0,0,1,0,"East of England",-0.219733282923698,78364,0.750178635120392,1.9618204832077,-0.139503628015518,0
"Hurst","Eric",1,0,15.8856897354126,15.8771257400513,0,1914,1998,0,0,1,0,0,1,0,0,0,0,1,0,0,0,0,0,0,0,0,0,"Greater London",NA,39239,0.806034803390503,2.28595161437988,-0.0214683189988136,19
"Havers","Michael",0,1,12.1359062194824,12.1359062194824,1,1923,1992,1,0,0,0,1,0,0,0,0,0,0,0,0,0,0,0,0,0,0,0,"Greater London",0.187986612319946,42774,0.668349921703339,2.48143601417542,0.235448434948921,0
"Williamson","Muriel",0,1,12.587287902832,12.587287902832,0,1904,1985,0,0,0,1,0,1,0,0,1,0,0,0,0,0,1,1,0,0,0,0,"West Midlands",-0.10302596539259,65404,0.81355881690979,1.99798929691315,-0.0317233614623547,0
"Bell","Brian",0,1,15.6869602203369,15.6869602203369,0,1921,1989,0,0,0,1,1,0,0,0,0,0,0,0,0,0,0,1,0,0,0,0,"North West England",-0.0480816923081875,59315,0.828559398651123,1.99673938751221,-0.0404102057218552,0
"Bell","David",0,1,12.172625541687,12.172625541687,0,1926,1991,1,0,0,0,0,0,1,0,0,0,0,0,0,0,0,0,0,0,0,0,"West Midlands",-0.189736798405647,96754,0.683351576328278,2.03606152534485,-0.0183916389942169,0
"Foord","John",1,0,11.9985084533691,11.9985084533691,0,1909,1986,0,0,1,0,0,1,0,0,0,0,0,0,0,0,0,0,0,0,0,0,"Yorkshire and Humberside",-0.0591966174542904,65880,0.773679435253143,1.99973201751709,-0.011575436219573,0
"Bradley","Thomas",1,0,13.2576637268066,13.2543611526489,1,1926,2002,0,0,1,0,0,0,1,0,0,0,0,0,0,0,0,0,0,0,0,0,"East Midlands",0.0382507815957069,43107,0.774839341640472,2.64737296104431,0.0987695008516312,0
"Lawn","William",1,0,11.303370475769,11.303370475769,0,1907,1987,0,0,1,0,0,0,1,0,0,0,0,0,0,0,0,0,0,0,0,0,"North West England",NA,55336,0.774793982505798,1.98573398590088,-0.084759995341301,NA
"Carter-Jones","Lewis",1,0,12.5811882019043,10.100076675415,1,1920,2004,0,0,1,0,0,1,0,0,0,1,0,0,0,0,0,0,0,0,0,0,"North West England",0.0404102057218552,58138,0.777322947978973,1.95776128768921,0.14688441157341,0
"Larrow","Dennis",0,1,11.3442449569702,11.3442449569702,0,1920,1986,0,0,0,1,0,0,1,0,0,0,0,0,0,0,0,0,0,0,0,0,"North East England",-0.113639354705811,64509,0.819870114326477,1.98212170600891,-0.0949724912643433,0
"Leach","Robin",0,1,14.8927154541016,14.8927154541016,0,1938,1992,1,0,0,0,0,1,0,0,0,0,0,0,0,0,0,1,0,0,0,0,"Greater London",-0.185350716114044,45487,0.751995086669922,2.35713958740234,-0.220049113035202,0
"Brum","Robert",0,1,11.1584320068359,11.1584320068359,0,1924,1985,1,0,0,0,0,1,0,0,0,0,0,0,0,0,0,0,0,0,0,0,"Greater London",-0.105291903018951,41401,0.672664940357208,2.32025933265686,-0.0396782644093037,0
"Shearer","William",0,1,12.3720865249634,12.3720865249634,0,1910,1997,0,0,0,1,0,0,1,0,0,0,0,0,0,0,0,0,0,0,0,0,"Scotland",-0.502400815486908,24786,0.596949875354767,1.88683342933655,-0.485874563455582,0
"Keigwin","Timothy",0,1,12.4555473327637,12.4555473327637,0,1921,1987,1,0,0,0,1,0,0,0,0,0,0,0,0,0,0,0,0,0,0,0,"South West England",-0.0302425101399422,50504,0.848645627498627,2.5237865447998,-0.00860942620784044,0
"Johnston","Robert",0,1,13.0316762924194,13.027946472168,0,1918,2003,1,0,0,0,1,0,0,0,0,0,0,0,0,0,0,0,0,0,0,0,"Scotland",-0.0304563790559769,55759,0.810685276985168,2.26127457618713,-0.0580934882164001,0
"Beaumont","Christopher",1,0,12.5533380508423,10.8098249435425,0,1926,2005,1,0,0,0,1,0,0,0,0,0,1,0,0,0,0,0,0,0,0,0,"South West England",-0.0606878809630871,62417,0.762148141860962,2.46411800384521,-0.165521010756493,0
"Griffith","Huw",0,1,12.3720865249634,12.3720865249634,0,1930,1997,1,0,0,0,0,0,1,0,0,0,0,0,0,0,1,0,1,0,0,0,"West Midlands",-0.00938460789620876,57892,0.81843775510788,2.01358318328857,-0.0623667724430561,0
"Bassett","Philip",1,0,12.597954750061,10.9701681137085,0,1931,2005,0,0,0,1,0,0,1,0,0,0,0,0,0,0,1,1,0,0,0,0,"South East England",-0.187404081225395,65971,0.79351532459259,2.63985300064087,-0.112112931907177,0
"Gurden","Harold",0,1,13.3755302429199,13.3755302429199,1,1903,1989,0,0,1,0,0,1,0,0,0,0,0,0,0,0,0,1,0,0,0,0,"West Midlands",NA,60356,0.742726504802704,1.95604395866394,0.149906307458878,0
"Moeran","Edward",1,0,12.3720865249634,12.3720865249634,1,1903,1997,1,0,0,0,0,1,0,0,0,0,0,1,0,0,0,0,0,0,0,0,"East of England",NA,51039,0.868767023086548,2.52217698097229,0.0343699976801872,0
"Manley","Roy",1,0,12.5584030151367,12.5471563339233,0,1930,1999,1,0,0,0,0,1,0,0,0,0,0,0,0,0,0,1,0,0,1,0,"East of England",-0.07665054500103,63739,0.781248509883881,2.40453958511353,-0.167965292930603,0
"Insley","Noel",1,0,12.597954750061,12.5495281219482,0,1922,2005,0,0,1,0,1,0,0,0,0,0,0,0,0,0,0,0,0,0,0,0,"East of England",-0.00364336487837136,41651,0.839955806732178,1.99901902675629,-0.0221523512154818,0
"Tucker","Geoffrey",0,1,12.9323959350586,12.9242572784424,0,1925,2003,0,0,1,0,1,0,0,0,0,0,0,0,0,0,0,0,0,0,0,0,"West Midlands",-0.272126704454422,63777,0.782351016998291,1.93340921401978,-0.185586020350456,0
"Unsworth","Cyril",0,1,12.2629508972168,12.2629508972168,0,1925,1987,1,0,0,0,0,1,0,0,0,0,0,0,1,0,0,0,0,0,0,0,"North West England",-0.299292117357254,69642,0.76851612329483,1.97657096385956,-0.108873151242733,0
"Wegg-Prosser","Charles",1,0,11.6527318954468,11.6527318954468,0,1910,1996,1,0,0,0,1,0,0,0,0,0,0,1,0,0,1,0,0,0,0,0,"Greater London",NA,48210,0.740385830402374,2.20444917678833,-0.191152572631836,0
"Attlee","Christopher",1,0,12.0808362960815,12.0808362960815,0,1915,1987,1,0,0,0,1,0,0,0,0,0,0,0,0,0,0,1,0,0,0,0,"North West England",-0.0635380521416664,43811,0.803382694721222,1.96714091300964,-0.129243969917297,0
"Russell","Dorothy",0,1,11.7829608917236,11.7829608917236,0,1895,1992,0,0,0,1,0,0,1,0,1,0,0,0,0,0,0,0,1,0,0,0,"East Midlands",-0.167750135064125,50602,0.760543048381805,1.97315418720245,-0.116642847657204,0
"Russell","Conrad",1,0,13.0019149780273,12.9912185668945,0,1937,2004,0,1,0,0,1,0,0,0,0,0,0,0,0,0,0,0,0,0,0,0,"Greater London",-0.165361225605011,34176,0.623858869075775,2.40355324745178,-0.0676797553896904,0
"Barber","Anthony",0,1,11.946047782898,11.4070243835449,1,1920,2005,0,0,0,1,0,0,1,0,0,0,1,0,0,0,0,0,0,0,0,0,"Yorkshire and Humberside",-0.018284048885107,57581,0.861846804618835,1.99988031387329,0.0077378791756928,0
"Edmonds","Richard",1,0,11.8151445388794,11.8151445388794,0,1910,1988,1,0,0,0,0,0,1,0,0,0,0,0,0,0,1,0,0,0,1,0,"Greater London",-0.0987285152077675,54069,0.803047955036163,2.38488340377808,-0.143551364541054,0
"Benenson","Peter",1,0,13.0221099853516,13.0078706741333,0,1921,2005,0,1,0,0,1,0,0,0,0,0,1,0,0,0,1,0,0,0,0,0,"South West England",-0.0527535118162632,62258,0.831652164459229,1.99930548667908,-0.0186376199126244,0
"King","Horace",1,0,12.5100870132446,12.5100870132446,1,1901,1986,0,0,0,1,0,1,0,0,0,0,0,0,0,0,0,0,0,0,0,0,"South East England",NA,62106,0.8439120054245,2.28687906265259,0.026501564309001,0
"Derbyshire","William",0,1,12.4480905532837,12.4480905532837,0,1913,2000,0,0,1,0,0,0,1,0,0,0,0,0,0,0,0,1,0,0,1,0,"East Midlands",-0.233774036169052,70672,0.693598568439484,2.32832527160645,-0.148557677865028,NA
"Hooker","Michael",0,1,13.2981424331665,13.2507028579712,0,1923,2004,1,0,0,0,1,0,0,0,0,0,0,0,1,0,0,1,0,0,0,0,"West Midlands",-0.245824038982391,60769,0.811598002910614,1.96982753276825,-0.123763181269169,0
"Waite","Geoffrey",0,1,9.76089000701904,9.76089000701904,0,1925,1987,1,0,0,0,1,0,0,0,0,0,0,0,0,0,0,0,0,0,0,0,"East Midlands",-0.0972732454538345,54225,0.839981555938721,2.53983473777771,-0.0822648629546165,0
"Thompson","Richard",0,1,14.0378875732422,14.0302143096924,1,1912,1999,1,0,0,0,0,0,1,1,0,0,0,0,0,0,0,0,0,0,0,0,"Greater London",NA,54119,0.836526930332184,2.31509590148926,0.0218015555292368,1
"Thompson","Kenneth",0,1,11.8429412841797,11.8429412841797,1,1909,1984,0,0,0,1,0,0,1,1,0,0,0,0,0,0,0,0,0,0,0,0,"North West England",NA,63962,0.830711960792542,2.35989332199097,0.0803063958883286,0
"Thompson","Frank",1,0,12.4480905532837,12.4480905532837,0,1938,2000,0,0,1,0,0,1,0,0,0,1,0,0,0,0,0,0,0,0,0,0,"East of England",-0.0763045474886894,44774,0.826573431491852,2.51931262016296,-0.0585263036191463,NA
"Crehan","Thomas",1,0,10.6116285324097,10.6116285324097,0,1919,1986,0,0,1,0,0,1,0,0,0,0,0,0,0,0,0,0,0,0,0,0,"West Midlands",NA,58189,0.837580978870392,2.29459834098816,-0.0790553539991379,0
"Janis","Morris",1,0,13.0986862182617,13.0779066085815,0,1913,2001,0,0,0,1,0,0,1,0,0,0,0,0,0,0,0,0,0,0,0,0,"East of England",-0.0538137964904308,57933,0.831408679485321,2.24522161483765,-0.0917244553565979,0
"Rippon","Geoffrey",0,1,14.004919052124,14.004919052124,1,1924,1997,0,0,0,1,0,1,0,0,0,0,1,0,0,0,1,0,0,0,0,0,"East of England",0.0508866608142853,45402,0.783225417137146,1.99512374401093,0.0494375713169575,0
"Cleaver","Leonard",0,1,13.0804605484009,13.0804605484009,1,1909,1993,1,0,0,0,0,0,1,0,0,0,0,0,0,0,0,0,1,0,0,0,"West Midlands",-0.0704873651266098,59135,0.770761787891388,1.99815499782562,0.0303868018090725,0
"Matterson","Alan",1,0,12.7042398452759,12.6037893295288,0,1929,2005,0,0,1,0,1,0,0,0,0,0,0,0,0,0,1,0,0,0,1,0,"South East England",-0.114482291042805,72575,0.825339317321777,2.51429057121277,-0.0551261305809021,0
"Moody","Aubrey",0,1,11.251353263855,11.251353263855,0,1911,2004,0,1,0,0,0,1,0,0,0,0,0,0,0,0,0,0,1,0,0,0,"East of England",-0.0398437678813934,51282,0.873756885528564,1.99950647354126,-0.0157114807516336,0
"Warren","Brian",0,1,12.4029788970947,12.4029788970947,0,1914,1996,1,0,0,0,0,1,0,0,0,0,0,0,1,0,0,0,0,0,0,0,"Greater London",-0.139269217848778,52261,0.652915179729462,1.99236714839935,-0.0618955530226231,1
"Johnson","Walter",1,0,12.5190200805664,11.9728546142578,1,1917,2003,0,0,1,0,0,0,1,0,0,0,0,0,0,0,1,0,0,0,0,0,"East Midlands",0.257032424211502,52999,0.672937214374542,1.9845290184021,0.0882938429713249,0
"Johnson","Carol",1,0,12.8685655593872,12.8685655593872,1,1903,2000,0,0,1,0,0,1,0,0,0,0,0,1,0,0,1,0,0,0,0,0,"Greater London",0.148551493883133,53962,0.78601610660553,2.06365275382996,0.0726393982768059,0
"Leitch","Alexander",0,1,12.4320087432861,10.8450441360474,0,1926,2003,0,0,0,1,0,0,1,0,0,0,0,0,0,0,0,0,0,0,0,0,"Yorkshire and Humberside",-0.242477387189865,63491,0.65691202878952,2.43841338157654,-0.164692625403404,0
"Richardson","Josephine",1,0,12.0962562561035,12.0962562561035,1,1923,1994,0,0,0,1,0,0,1,0,1,0,0,0,0,0,1,0,0,0,0,0,"Greater London",-0.144481420516968,47954,0.799829006195068,1.99308621883392,-0.0588971450924873,0
"Richardson","Francis",0,1,12.3949499130249,12.3949499130249,0,1914,1987,1,0,0,0,1,0,0,0,0,0,0,0,0,0,0,0,0,0,1,0,"East Midlands",NA,61969,0.761187016963959,1.98636555671692,-0.0828492715954781,0
"Richardson","Kenneth",1,0,10.8584365844727,10.8584365844727,0,1912,1986,0,0,1,0,1,0,0,0,0,0,0,0,0,0,0,0,0,0,0,0,"West Midlands",-0.132750749588013,55395,0.789890766143799,1.92467880249023,-0.19782429933548,0
"Miller","Maurice",1,0,12.6048851013184,12.602710723877,1,1920,2001,1,0,0,0,0,1,0,0,0,0,0,0,1,0,0,0,0,0,0,0,"Scotland",-0.0452174618840218,28407,0.673460781574249,1.98697376251221,0.0809680595993996,0
"Patient","Alan",1,0,12.4605150222778,12.1606378555298,0,1930,2002,1,0,0,0,1,0,0,0,0,0,0,0,0,0,0,0,0,0,0,0,"Yorkshire and Humberside",-0.135337114334106,55660,0.653485476970673,1.96192622184753,-0.139306634664536,0
"Adley","Robert",0,1,12.9175367355347,12.9175367355347,1,1935,1993,1,0,0,0,0,0,1,0,0,0,0,0,0,0,1,1,0,0,0,0,"South West England",NA,63847,0.721192836761475,1.99979865550995,0.0100334445014596,0
"Hanbidge","Lewis",1,0,11.4367599487305,11.4367599487305,0,1890,1984,0,0,1,0,0,0,1,0,0,0,0,0,0,0,1,0,1,0,0,0,"North West England",-0.120967917144299,62471,0.811032295227051,1.96706461906433,-0.129396438598633,0
"Walsh","Robert",1,0,12.0962562561035,12.0962562561035,0,1911,1994,0,0,0,1,0,0,1,0,0,0,0,0,0,0,1,0,0,0,1,0,"North West England",-0.0715307891368866,64897,0.821887016296387,1.98932075500488,-0.0732685923576355,NA
"Ridsdale","Julian",0,1,13.0574369430542,12.9444284439087,1,1915,2004,1,0,0,0,0,1,0,0,0,0,0,0,0,0,0,0,0,0,0,0,"East of England",NA,56003,0.755745232105255,2.25367331504822,0.223608359694481,0
"Parris","Edward",1,0,12.4029788970947,12.4029788970947,0,1915,1996,0,0,0,1,0,1,0,0,0,0,1,0,0,0,0,0,0,0,0,0,"Yorkshire and Humberside",-0.0467759817838669,51836,0.87142139673233,1.9853743314743,-0.0858294069766998,0
"Gray","Alfred",1,0,11.4367599487305,11.4367599487305,0,1900,1984,0,0,0,1,0,0,1,0,0,0,0,0,0,0,0,0,0,0,0,0,"East of England",NA,60070,0.796171128749847,2.74725747108459,-0.103772006928921,0
"Lofthouse","Francis",0,1,12.1201086044312,12.1201086044312,0,1926,1993,0,0,0,1,0,1,0,0,0,1,0,0,0,0,0,0,0,0,0,0,"North West England",-0.0848505273461342,69229,0.747519075870514,2.36549210548401,-0.172695651650429,0
"Lamb","Richard",0,1,15.9364519119263,15.9309892654419,0,1911,1999,0,0,0,1,0,0,1,0,0,0,0,0,0,0,0,0,0,0,0,0,"South West England",0.225245401263237,50065,0.817317485809326,2.56362342834473,-0.125369638204575,0
"Tomney","Frank",1,0,12.8100004196167,12.8100004196167,1,1908,1984,0,0,1,0,0,0,1,0,0,0,0,0,0,0,1,0,0,0,0,0,"Greater London",NA,41472,0.810450434684753,3.13903903961182,0.0874713659286499,0
"Oakes","Gordon",1,0,13.8079147338867,13.8008813858032,1,1931,2005,0,0,1,0,0,1,0,0,0,0,0,1,0,0,1,0,0,0,0,0,"North West England",-0.0925762578845024,51346,0.781501948833466,2.88847136497498,0.0746878683567047,0
"Lowe","William",0,1,13.7241668701172,13.7241668701172,0,1933,1994,0,0,1,0,0,0,1,0,0,0,0,0,0,0,0,0,1,0,0,0,"North West England",-0.125341072678566,50373,0.714013457298279,2.28179955482483,-0.257291406393051,0
"Burden","Frederick",0,1,12.5906038284302,12.5906038284302,1,1905,1987,0,0,1,0,0,0,1,0,0,0,0,0,0,0,0,0,0,0,0,0,"South East England",NA,45866,0.848733246326447,1.99430632591248,0.0534319765865803,0
"Nurse","Graham",1,0,12.5190200805664,11.1492547988892,0,1941,2003,0,0,1,0,0,0,1,0,0,0,0,0,0,0,0,0,1,0,0,0,"East of England",-0.124975003302097,60758,0.759340345859528,2.46091866493225,-0.0380180329084396,0
"MacDonald","Alistair",1,0,12.4284496307373,9.43271732330322,1,1925,1999,0,0,1,0,1,0,0,0,0,0,0,0,0,0,0,0,0,0,0,0,"South East England",-0.0301324632018805,59895,0.842557787895203,2.46597766876221,0.0160507280379534,NA
"Marks","Kenneth",1,0,10.3630151748657,10.3630151748657,1,1920,1988,0,0,1,0,0,0,1,0,0,1,0,0,0,0,0,0,0,0,0,0,"North West England",0.201924949884415,61594,0.718998610973358,2.23041129112244,0.137402340769768,0
"Henry","Martin",0,1,12.4284496307373,9.43271732330322,0,1912,1999,0,0,1,0,0,1,0,0,0,1,0,0,0,0,1,0,0,0,0,0,"North West England",-0.0308069363236427,49933,0.878857672214508,1.99962615966797,-0.0136724086478353,0
"Routledge","K Graham",0,1,11.4885320663452,11.4885320663452,0,1927,1989,1,0,0,0,0,1,0,0,0,0,1,0,0,0,0,0,0,0,0,0,"North West England",-0.0693466439843178,59960,0.784005999565125,2.38880228996277,-0.0771979838609695,0
"Lewis","Kenneth",0,1,14.1041631698608,14.1041631698608,1,1916,1997,0,0,1,0,0,1,0,0,0,0,0,0,0,0,0,1,1,0,0,0,"East Midlands",0.0866558030247688,41061,0.808918416500092,1.95670020580292,0.148758098483086,0
"Lewis","Ronald",1,0,12.1462802886963,12.1462802886963,1,1909,1990,0,0,0,1,0,0,1,0,0,0,0,0,0,0,0,0,0,0,0,0,"North West England",-0.0476872399449348,49121,0.856293618679047,2.59818601608276,0.0504017882049084,0
"Fitt","Gerard",1,0,13.5391206741333,13.4708766937256,1,1926,2005,0,0,0,1,0,0,1,0,0,0,0,0,0,0,0,0,0,0,0,0,"",NA,67588,0.748254120349884,1.99684262275696,0.0397642999887466,0
"Foley","Maurice",1,0,12.4139947891235,12.2708940505981,1,1925,2002,0,0,1,0,0,0,1,0,0,0,0,0,0,0,1,0,0,0,0,0,"West Midlands",0.148201495409012,64289,0.647171378135681,1.97907662391663,0.102821707725525,0
"Marten","Neil",0,1,13.4054679870605,13.4054679870605,1,1916,1985,1,0,0,0,0,0,1,0,0,0,0,1,0,0,0,0,0,0,0,0,"South East England",0.0876335725188255,64414,0.810165464878082,2.42597651481628,0.128655195236206,0
"Ripley","Sydney",0,1,12.8390102386475,12.8390102386475,0,1909,1991,1,0,0,0,0,0,1,0,0,1,0,0,0,0,1,1,0,0,0,0,"East of England",-0.0317152813076973,53568,0.871807813644409,2.21541118621826,-0.0108777116984129,0
"Ascher","Conrad",1,0,13.2807817459106,13.2807817459106,0,1930,1994,1,0,0,0,0,1,0,0,0,0,1,0,0,0,0,0,0,0,0,0,"East of England",0.0959366336464882,46451,0.782308220863342,2.34035873413086,-0.0227303989231586,0
"Papworth","Anne",0,1,10.8488464355469,10.8488464355469,0,1907,1994,0,0,1,0,0,1,0,0,1,1,0,0,0,0,1,1,0,0,0,0,"North West England",-0.207504779100418,55458,0.624905347824097,2.23355293273926,-0.207352265715599,0
"Crotty","Patrick",0,1,12.0621900558472,12.0621900558472,0,1919,1995,0,0,1,0,0,1,0,0,0,0,0,1,0,0,0,0,0,0,0,0,"Yorkshire and Humberside",-0.230759784579277,76591,0.658719718456268,1.99330687522888,-0.152917623519897,0
"McCrindle","Robert",0,1,13.3267412185669,13.3134784698486,1,1929,1998,0,0,1,0,0,0,1,0,0,0,0,0,0,0,0,1,0,0,0,0,"East of England",-0.0190994646400213,123297,0.741980731487274,1.99627089500427,0.0432206727564335,NA
"Allen","Donald",0,1,11.8223352432251,11.7453136444092,0,1940,2005,0,0,1,0,0,0,1,0,0,0,0,0,0,0,0,0,0,0,0,0,"East Midlands",-0.134306117892265,67989,0.760270059108734,1.99888646602631,-0.0236022435128689,0
"Orme","Stanley",1,0,12.0086898803711,11.9862642288208,1,1923,2005,0,0,0,1,0,0,1,0,0,0,0,0,0,0,1,0,0,0,0,0,"North West England",0.065810963511467,50514,0.731203258037567,1.97630929946899,0.109486676752567,0
"Orme","Robert",0,1,11.4838390350342,11.4838390350342,0,1908,1988,1,0,0,0,1,0,0,0,0,0,0,0,0,0,0,0,0,0,0,0,"East Midlands",-0.160563737154007,60752,0.769999325275421,1.93687534332275,-0.180529728531837,NA
"O'Reilly","Noel",0,1,12.61510181427,12.61510181427,0,1906,1997,0,0,1,0,0,0,1,0,0,0,0,0,0,0,0,0,1,0,0,0,"North West England",-0.126600533723831,48026,0.874318063259125,2.54980278015137,-0.0760181024670601,0
"Mactaggart","Ian",0,1,11.8629865646362,11.8629865646362,0,1923,1987,1,0,0,0,1,0,0,1,0,0,0,0,0,0,0,0,0,0,0,0,"Greater London",-0.20287498831749,43114,0.687758028507233,2.0433669090271,-0.11820450425148,0
"Tilney","John",0,1,11.7353086471558,11.7353086471558,1,1907,1994,0,0,0,1,0,0,1,0,0,0,0,0,0,0,0,0,0,0,0,0,"North West England",NA,60950,0.82420015335083,2.38212037086487,0.151388481259346,0
"Woodhouse","Christopher",0,1,13.1267166137695,13.1095752716064,1,1917,2001,1,0,0,0,1,0,0,0,0,0,0,0,0,0,0,0,0,0,0,0,"South East England",0.14682674407959,66655,0.789123117923737,2.49359607696533,0.161371886730194,0
"Coulson","Michael",0,1,12.7108602523804,12.6902952194214,1,1927,2002,1,0,0,0,1,0,0,0,0,0,1,0,0,0,1,0,0,0,0,0,"Yorkshire and Humberside",0.011575436219573,63918,0.815513610839844,2.4395055770874,0.0134673677384853,0
"Beard","Paul",0,1,13.0822954177856,13.0822954177856,0,1930,1989,0,0,1,0,0,1,0,0,0,0,1,0,0,0,0,0,0,0,0,0,"Yorkshire and Humberside",-0.101915746927261,52729,0.793927431106567,1.9891973733902,-0.073692761361599,0
"Tylecote","Mabel",1,0,11.1617212295532,11.1617212295532,0,1896,1987,0,0,0,1,0,1,0,0,1,1,0,0,0,0,0,0,0,0,0,0,"East of England",-0.0508866608142853,45402,0.783225417137146,1.99512374401093,-0.0494375713169575,0
"Leadbeater","David",1,0,12.4437379837036,12.4437379837036,0,1907,1998,0,0,0,1,0,1,0,0,0,1,0,0,0,0,0,0,0,0,0,0,"Wales",NA,45559,0.866853952407837,2.68025469779968,-0.170131415128708,0
"Ogden","Michael",0,1,14.646918296814,14.6416893005371,0,1926,2003,1,0,0,0,1,0,0,0,0,0,1,0,0,0,0,0,0,0,0,0,"East of England",-0.0410720854997635,97645,0.82423061132431,2.48755574226379,-0.0932879373431206,0
"Huzzard","Ronald",1,0,12.4437379837036,10.8343000411987,0,1920,1998,0,0,0,1,0,1,0,0,0,0,0,0,0,0,1,0,1,0,0,0,"South East England",-0.130492553114891,60678,0.828603446483612,2.58408808708191,-0.0301324632018805,0
"Thomas","Roger",1,0,12.4029788970947,12.4029788970947,0,1905,1996,0,0,1,0,0,1,0,0,0,1,0,0,0,0,1,0,0,0,0,0,"South West England",-0.1295136064291,47585,0.802437722682953,1.96061372756958,-0.141734763979912,0
"Cavanagh","Edward",1,0,12.0969152450562,12.0969152450562,0,1912,1989,0,0,0,1,0,0,1,0,0,0,0,0,0,0,1,0,0,0,0,0,"North West England",-0.165703758597374,69369,0.792400062084198,2.86836791038513,-0.0350021831691265,0
"Payne","Kenneth",0,1,12.7977447509766,12.7985324859619,0,1920,1999,0,0,1,0,0,0,1,0,0,0,0,0,0,0,0,0,0,0,0,0,"Greater London",-0.0618955530226231,49903,0.570146083831787,1.94939839839935,-0.161113455891609,0
"Ford","Donald",1,0,12.172625541687,12.172625541687,0,1924,1991,0,0,1,0,1,0,0,0,0,0,0,0,0,0,1,0,0,0,0,0,"East of England",NA,83647,0.843234062194824,2.66076564788818,-0.0622820183634758,NA
"Renier","Olive",1,0,12.747727394104,12.7177352905273,0,1913,2001,0,0,1,0,1,0,0,0,1,0,0,0,0,0,1,0,0,0,1,0,"Greater London",-0.0844493359327316,56881,0.789332091808319,1.95879375934601,-0.14503987133503,0
"Crabb","Rowland",1,0,12.399299621582,11.3494777679443,0,1914,2000,0,0,1,0,1,0,0,0,0,1,0,0,0,0,0,0,0,0,0,0,"South West England",-0.0808364525437355,59313,0.762075781822205,1.99990034103394,-0.00705736596137285,0
"Stanley","Neville",1,0,12.1798276901245,12.1798276901245,0,1892,1988,0,0,1,0,1,0,0,0,0,0,0,0,0,0,1,0,0,0,0,0,"East of England",-0.0902139022946358,56851,0.798033475875854,1.98465752601624,-0.0879234746098518,0
"Brierley","Eric",1,0,12.240719795227,12.240719795227,0,1912,1992,0,0,1,0,0,0,1,0,0,0,0,0,0,0,0,0,0,0,0,0,"Yorkshire and Humberside",-0.118091911077499,55860,0.83324384689331,2.62634634971619,-0.050961434841156,1
"Hallinan","Lincoln",0,1,12.3720865249634,12.355278968811,0,1922,1997,1,0,0,0,0,0,1,0,0,0,1,0,0,0,0,0,0,0,0,0,"Wales",-0.105301134288311,59524,0.800483822822571,1.99139583110809,-0.0657320320606232,0
"Rogers","Albert",1,0,12.4284496307373,12.4284496307373,0,1911,1999,0,0,1,0,0,1,0,0,0,1,0,0,0,0,1,0,0,0,0,0,"South West England",-0.125576838850975,54084,0.820002198219299,2.56771540641785,-0.127646625041962,0
"Rogers","Katherine",1,0,12.0915212631226,12.0915212631226,0,1908,1989,0,0,0,1,0,1,0,0,0,0,0,0,1,0,1,0,0,0,0,0,"West Midlands",-0.0686118677258492,84210,0.789514303207397,1.99888956546783,-0.0235692262649536,0
"Rodgers","John",0,1,13.5198440551758,13.5198440551758,1,1906,1993,1,0,0,0,1,0,0,1,0,0,0,0,0,0,0,0,0,0,1,0,"South East England",NA,57563,0.849000215530396,2.42369675636292,0.157189339399338,0
"Howson","Clive",0,1,12.515622138977,12.515622138977,0,1922,1995,1,0,0,0,1,0,0,0,0,0,0,0,0,0,0,0,1,0,0,0,"North West England",-0.116780988872051,49173,0.732902228832245,2.51116061210632,-0.0573822818696499,0
"Maxwell","David",0,1,12.0962562561035,12.0962562561035,0,1913,1994,0,0,1,0,0,0,1,0,0,0,0,0,0,0,0,0,0,0,0,0,"North West England",-0.131005629897118,48412,0.830641150474548,2.36211681365967,-0.169646635651588,0
"Alport","Cuthbert",0,1,13.0968675613403,13.0836563110352,1,1912,1998,1,0,0,0,0,0,1,0,0,0,0,0,0,0,0,0,0,0,0,0,"East of England",NA,53048,0.867742419242859,2.36893439292908,0.0202250611037016,0
"Brinton","Tatton",0,1,14.2850914001465,14.2850914001465,1,1916,1985,0,1,0,0,1,0,0,1,0,0,0,0,0,0,1,0,0,0,0,0,"West Midlands",0.20286613702774,60606,0.794145822525024,2.46610116958618,0.142405986785889,0
"Bray","Jeremy",1,0,12.4605150222778,12.0573205947876,1,1930,2002,0,0,1,0,1,0,0,0,0,0,0,0,1,0,0,0,0,0,0,0,"North East England",-0.194289535284042,52905,0.840733408927917,2.53023886680603,0.0257424861192703,0
"Bray","Ronald",0,1,13.2081336975098,13.2081336975098,1,1922,1984,1,0,0,0,0,0,1,0,0,0,0,0,0,0,1,0,1,0,0,0,"North West England",-0.107912912964821,49904,0.781821072101593,1.9953670501709,0.0481853596866131,0
"Stuart-Mills","John",0,1,11.8151445388794,11.8151445388794,0,1931,1988,0,0,1,0,0,1,0,0,0,0,0,1,0,0,0,0,0,0,0,0,"North West England",-0.381796568632126,26400,0.537348508834839,1.63843989372253,-0.469758927822113,0
"Higgs","Michael",0,1,12.268970489502,12.268970489502,1,1912,1995,0,0,0,1,0,1,0,0,0,0,0,1,0,0,0,0,0,0,0,0,"West Midlands",NA,57462,0.858010530471802,2.50832939147949,0.00385372084565461,0
"Higgs","Thomas",1,0,12.4437379837036,12.4437379837036,0,1913,1998,0,0,0,1,0,0,1,0,0,0,0,0,0,1,1,0,0,0,0,0,"Greater London",-0.0726853832602501,66709,0.794345617294312,2.40081381797791,-0.00996414385735989,0
"Webb","Dennis",1,0,12.1680793762207,12.1680793762207,0,1901,1991,0,0,1,0,0,0,1,0,0,0,0,0,0,0,0,1,0,0,0,0,"East Midlands",NA,44870,0.871049702167511,2.3738260269165,-0.0450312159955502,0
"Murray","Richard",1,0,12.1462802886963,12.1462802886963,0,1920,1990,0,0,1,0,0,0,1,0,0,0,0,0,0,0,0,0,0,0,0,0,"Scotland",-0.061844002455473,27180,0.732597470283508,2.5842547416687,-0.151416227221489,NA
"Murray","Neil",0,1,12.7037811279297,12.6941938400269,0,1923,2005,0,0,1,0,0,0,1,0,0,0,0,0,0,0,0,1,1,0,0,0,"North East England",-0.154781132936478,48865,0.80753093957901,2.32661247253418,-0.211074501276016,0
"Murray","James",1,0,11.7402410507202,11.7402410507202,0,1929,1989,0,0,0,1,0,0,1,0,0,0,0,0,0,0,1,0,0,0,0,0,"East Midlands",-0.0949772521853447,67540,0.715738832950592,2.41692876815796,-0.191473081707954,NA
"Beale","William",0,1,13.6134519577026,13.6134519577026,0,1920,1996,1,0,0,0,1,0,0,0,0,0,0,0,0,0,0,1,0,0,0,0,"Scotland",-0.0108429379761219,64165,0.859721004962921,1.98157012462616,-0.0964397042989731,0
"Corfield","Frederick",0,1,14.0212755203247,14.0152883529663,1,1915,2005,1,0,0,0,0,1,0,0,0,0,0,0,0,0,0,0,0,0,0,0,"South West England",NA,51166,0.816831469535828,1.99659478664398,0.0412977933883667,0
"Hamilton","Michael",0,1,12.4480905532837,12.4480905532837,1,1918,2000,1,0,0,0,1,0,0,0,0,0,0,0,0,0,0,1,0,0,0,0,"East Midlands",-0.0207791049033403,52261,0.867224097251892,1.99964249134064,0.0133709898218513,0
"Horrocks","Robert",0,1,11.3442449569702,11.3442449569702,0,1923,1986,0,0,1,0,0,0,1,0,0,0,0,0,0,0,1,0,1,0,0,0,"North West England",-0.038936335593462,60706,0.810957729816437,1.99376964569092,-0.0559008717536926,0
"Boyden","James",1,0,13.2577285766602,13.2577285766602,1,1910,1993,0,0,1,0,0,1,0,0,0,0,0,0,0,0,0,0,0,0,0,0,"North East England",0.154781132936478,48865,0.80753093957901,2.32661247253418,0.211074501276016,0
"Young","David",1,0,12.6606101989746,12.649302482605,1,1928,2003,1,0,0,0,0,1,0,0,0,1,0,0,0,0,0,0,0,0,0,0,"South East England",-0.0885776057839394,74279,0.819450974464417,2.48053240776062,-0.0723368600010872,0
"Courtney","Anthony",0,1,10.4591302871704,10.4591302871704,1,1908,1988,0,0,1,0,0,1,0,0,0,0,0,0,0,0,0,0,0,0,0,0,"Greater London",0.0886354744434357,49273,0.835366249084473,1.95910394191742,0.144481420516968,0
"Kitts","Albert",1,0,10.7341642379761,10.6526117324829,0,1911,2005,0,0,0,1,0,0,1,0,0,0,0,0,0,0,0,0,0,1,0,0,"East Midlands",-0.191128209233284,43881,0.819466292858124,1.90321516990662,-0.225506827235222,0
"Partridge","Ernest",0,1,11.3777084350586,11.3777084350586,1,1895,1985,0,0,1,0,0,0,1,0,0,0,0,0,0,0,1,0,0,0,0,0,"Greater London",-0.0105549981817603,40848,0.856051683425903,1.99960088729858,0.0141272023320198,0
"Partridge","Graham",0,1,13.934139251709,13.9197149276733,0,1916,2004,1,0,0,0,1,0,0,0,0,0,0,0,0,0,0,1,0,0,0,0,"Wales",NA,62372,0.83654522895813,2.15137648582458,-0.101998962461948,0
"Shaw","Arnold",1,0,11.2026815414429,11.2026815414429,1,1909,1984,0,0,0,1,0,1,0,0,0,1,0,0,0,0,1,1,0,0,0,0,"Greater London",-0.0388677157461643,56302,0.769279956817627,2.42534947395325,0.0581824891269207,0
"Churchill","Winston",0,1,12.4437379837036,12.4437379837036,1,1940,1998,0,1,0,0,1,0,0,0,0,0,0,0,0,0,0,0,0,0,0,0,"North West England",-0.0641013458371162,71062,0.749247133731842,1.98869132995605,0.075408972799778,0
"Taylor","Ewart",1,0,12.4139947891235,9.46478271484375,0,1927,2002,0,0,1,0,1,0,0,0,0,0,0,0,0,0,0,0,0,0,0,0,"West Midlands",NA,57025,0.807803571224213,1.99170398712158,-0.0645392388105392,NA
"Taylor","Frank",0,1,12.5190200805664,11.4572219848633,1,1907,2003,1,0,0,0,0,0,1,0,0,0,0,0,0,0,0,0,1,0,0,0,"North West England",0.245875746011734,50142,0.65452116727829,2.77692413330078,0.128827810287476,0
"Taylor","James",0,1,12.8249235153198,12.8140125274658,0,1926,2000,0,0,0,1,1,0,0,0,0,0,0,1,0,0,0,0,0,0,0,0,"South West England",-0.22919137775898,36090,0.66705459356308,2.38405561447144,-0.13479271531105,0
"Curran","James",1,0,12.5922212600708,12.4021682739258,0,1945,2002,0,0,0,1,0,1,0,0,0,0,0,0,0,0,0,0,0,0,1,0,"East of England",-0.12543186545372,66602,0.751749217510223,2.3086850643158,-0.195933535695076,0
"Lyon","Alexander",1,0,12.1201086044312,12.1201086044312,1,1931,1993,0,0,1,0,0,1,0,0,0,0,1,0,0,0,0,0,0,0,0,0,"Yorkshire and Humberside",-0.0183654259890318,70431,0.82682341337204,1.9782931804657,0.1047498062253,0
"Edwards","Anthony",1,0,13.8509368896484,13.8437557220459,0,1931,2000,1,0,0,0,1,0,0,0,0,0,0,1,0,0,0,0,0,0,0,0,"South East England",-0.174117848277092,59844,0.779810845851898,2.6077287197113,-0.136134743690491,0
"Hingston","Frederick",0,1,13.3522081375122,13.3239870071411,0,1911,2000,1,0,0,0,0,1,0,0,0,0,0,0,0,0,0,0,1,0,0,0,"West Midlands",-0.160962745547295,50450,0.727690756320953,2.09763360023499,-0.0457616038620472,0
"Soames","Christopher",0,1,15.319224357605,15.319224357605,1,1920,1987,0,1,0,0,0,1,0,0,0,0,0,0,0,0,0,0,0,0,0,0,"East of England",NA,52592,0.875475347042084,2.37832641601562,0.0457832887768745,0
"Gower","Raymond",0,1,12.5559406280518,12.5559406280518,1,1916,1989,0,0,0,1,0,1,0,0,0,0,0,1,0,0,0,0,0,0,0,0,"Wales",-0.0219509582966566,55034,0.868208765983582,1.99762070178986,0.0345116257667542,NA
"Powe","Frederick",1,0,10.7642545700073,10.7642545700073,0,1903,1990,0,0,1,0,0,0,1,0,0,0,0,0,0,0,1,0,0,0,0,0,"Greater London",-0.186154410243034,50344,0.793560326099396,1.9221339225769,-0.201271563768387,0
"Chesworth","Donald",1,0,12.172625541687,12.172625541687,0,1923,1991,0,0,0,1,0,0,1,0,0,0,0,0,0,0,0,0,0,0,0,0,"West Midlands",NA,57462,0.858010530471802,2.50832939147949,-0.00385372084565461,0
"Field","Xenia",1,0,14.9832229614258,14.9832229614258,0,1894,1998,1,0,0,0,0,1,0,0,1,0,0,0,0,0,0,0,0,0,1,0,"South West England",NA,59919,0.877451241016388,2.43307685852051,-0.0171751361340284,0
"White","Eirene",1,0,12.9335794448853,12.9153347015381,1,1909,1999,0,0,0,1,0,0,1,0,1,0,0,0,0,1,0,0,0,0,1,0,"Wales",NA,50408,0.880237281322479,2.63331198692322,0.150931909680367,0
"White","Roger",0,1,12.399299621582,11.3494777679443,1,1928,2000,0,0,1,0,0,0,1,0,0,0,0,0,0,0,0,0,0,0,0,0,"South East England",-0.0787484422326088,84111,0.759341835975647,2.33478569984436,0.0189919993281364,5
"Boyle","William",1,0,11.4367599487305,11.4367599487305,0,1903,1984,0,0,0,1,0,1,0,0,0,0,0,0,0,0,0,0,1,0,0,0,"Scotland",-0.27935254573822,34388,0.735227406024933,1.87546789646149,-0.257683038711548,2
"Hornsby-Smith","Dame Patricia",0,1,11.8325510025024,11.8325510025024,1,1914,1985,0,0,0,1,0,0,1,0,1,0,0,0,0,0,0,0,0,0,0,0,"South East England",NA,65231,0.863117218017578,2.43901920318604,0.00296614691615105,0
"Douglas-Mann","Bruce",1,0,13.8509368896484,13.8437557220459,1,1927,2000,1,0,0,0,1,0,0,0,0,0,0,1,0,0,1,0,0,0,0,0,"Greater London",0.180097863078117,43466,0.574172914028168,2.27797079086304,0.135553151369095,0
"Lawson","Charles",0,1,12.2674913406372,12.2674913406372,0,1897,1986,1,0,0,0,0,0,1,0,0,0,0,0,0,0,0,0,0,0,0,0,"North West England",-0.0490135364234447,59382,0.814657628536224,1.99538695812225,-0.0480816923081875,0
"MacKenzie","Donald",1,0,12.1201086044312,12.1201086044312,0,1932,1993,0,0,0,1,0,0,1,0,0,0,0,0,0,0,0,0,0,0,0,0,"Scotland",-0.235977485775948,36154,0.68025666475296,2.6343846321106,-0.140603393316269,NA
"Le Marchant","Spencer",0,1,14.7602405548096,14.7602405548096,1,1931,1986,0,1,0,0,0,0,1,0,0,0,0,0,0,0,0,0,0,0,0,0,"East Midlands",-0.0198285095393658,55362,0.807972967624664,2.63568758964539,0.0336232148110867,0
"Speir","Rupert",0,1,13.5533380508423,13.5410461425781,1,1910,1998,0,1,0,0,1,0,0,0,0,0,0,1,0,0,0,0,0,0,0,0,"North East England",0.712097585201263,47363,0.824166536331177,1.92881488800049,0.192109644412994,0
"Smith","Patten",1,0,12.4029788970947,12.4029788970947,0,1917,1996,0,0,1,0,0,1,0,0,0,0,0,1,0,0,0,0,0,0,0,0,"South East England",-0.273771911859512,52941,0.707410156726837,1.91324293613434,-0.212944909930229,NA
"Morgan","Geraint",0,1,13.4430961608887,13.4430961608887,1,1920,1995,0,0,0,1,1,0,0,0,0,0,1,0,0,0,0,0,0,0,0,0,"Wales",NA,53000,0.808641493320465,3.16706562042236,0.107914507389069,0
"Morgan","Frederick",1,0,12.3383779525757,12.3383779525757,0,1927,1998,0,0,0,1,1,0,0,0,0,0,0,0,0,0,1,1,0,0,0,0,"South West England",-0.0192454159259796,61700,0.810032427310944,2.47493433952332,-0.0375557728111744,0
"Morgan","Leslie",0,1,12.4605150222778,11.9266996383667,0,1926,2002,0,0,1,0,0,1,0,0,0,0,0,0,0,0,0,0,0,0,0,0,"Wales",NA,31152,0.837698996067047,2.89184308052063,-0.107066214084625,0
"Bowyer","John",1,0,12.6058292388916,12.6058292388916,0,1930,1992,1,0,0,0,1,0,0,0,0,0,1,0,0,0,0,0,0,0,0,0,"South East England",-0.144685715436935,88872,0.789528787136078,2.65220403671265,-0.0860946029424667,0
"Dyer","Henry",1,0,13.6085758209229,13.6085758209229,0,1902,1995,0,0,0,1,0,0,1,0,0,0,0,0,0,0,1,0,0,0,0,0,"East Midlands",NA,49207,0.823602318763733,2.53957962989807,-0.113109782338142,0
"Alison","Michael",0,1,15.1991834640503,15.1955766677856,1,1926,2004,0,1,0,0,1,0,0,0,0,0,0,0,0,0,1,0,0,0,1,0,"Yorkshire and Humberside",0.168417066335678,58246,0.814304828643799,1.9396812915802,0.176344081759453,0
"Bullus","Eric",0,1,12.43053150177,10.302300453186,1,1906,2001,0,0,0,1,0,1,0,1,0,0,0,0,0,0,1,0,0,0,1,0,"Greater London",NA,48817,0.884671330451965,2.45085072517395,0.172343522310257,0
"Longden","Gilbert",0,1,12.7780809402466,12.7780809402466,1,1902,1997,1,0,0,0,1,0,0,0,0,0,0,1,0,0,0,0,0,0,0,0,"South West England",NA,49518,0.861000061035156,2.28170442581177,0.20394042134285,0
"John","Thomas",0,1,12.3720865249634,12.3720865249634,0,1910,1997,1,0,0,0,0,0,1,0,0,0,0,0,0,0,0,1,0,0,0,0,"West Midlands",-0.273647785186768,29735,0.537312924861908,1.86962819099426,-0.264067083597183,0
"Allaun","Frank",1,0,12.4605150222778,11.3009939193726,1,1913,2002,0,0,1,0,0,0,1,0,0,0,0,0,0,0,0,0,1,0,1,0,"North West England",0.139235824346542,55853,0.697795987129211,1.99607610702515,0.0443372502923012,0
"Hodge","Robert",1,0,12.7493991851807,12.7267227172852,0,1927,2004,0,0,1,0,0,1,0,0,0,1,0,0,0,0,0,0,0,0,0,0,"North West England",-0.112521685659885,44822,0.834991753101349,2.54912900924683,-0.0595842450857162,0
"Hickman","Robert",1,0,12.172625541687,12.172625541687,0,1938,1991,0,0,1,0,0,0,1,0,0,0,0,0,0,0,0,0,0,0,0,0,"East Midlands",-0.107189767062664,70765,0.74966436624527,1.99992907047272,-0.00595664465799928,0
"Lucas","Percy",0,1,13.4895191192627,13.4895191192627,1,1915,1998,0,0,0,1,0,0,1,0,0,0,0,0,0,0,0,0,0,0,0,0,"Greater London",NA,43854,0.876681745052338,2.26908993721008,0.0222910046577454,0
"Quas-Cohen","K A",0,1,12.0997180938721,12.0997180938721,0,1913,1984,1,0,0,0,0,1,0,0,0,0,0,0,0,0,0,0,1,0,0,0,"North West England",NA,47786,0.794939935207367,2.2292811870575,-0.258799076080322,0
"Bishop","Leonard",1,0,12.4906167984009,12.4817562103271,0,1937,2002,0,0,1,0,0,0,1,0,0,0,0,0,0,0,1,0,1,0,0,0,"South East England",-0.125923007726669,81498,0.756705701351166,2.50542330741882,-0.0792281478643417,0
"Mitchell","Richard",1,0,12.2972717285156,12.2831554412842,1,1927,2003,0,0,1,0,0,1,0,0,0,1,0,0,0,0,1,0,0,0,0,0,"South East England",-0.00681657902896404,65174,0.781262457370758,2.32383918762207,0.047920186072588,0
"Mitchell","Colin",0,1,12.4029788970947,12.4029788970947,1,1925,1996,0,0,1,0,0,0,1,0,0,0,0,0,0,0,0,0,0,0,0,0,"Scotland",-0.0340310409665108,52123,0.75774610042572,2.85895609855652,0.140495240688324,0
"Page","Derek",1,0,12.3720865249634,12.3720865249634,1,1927,1997,0,0,1,0,0,0,1,0,0,0,0,0,0,0,1,0,0,0,0,0,"East of England",-0.0424513556063175,53186,0.805023849010468,1.99998819828033,0.00242899847216904,0
"Stonehouse","John",1,0,11.8151445388794,11.8151445388794,0,1925,1988,0,0,0,1,0,1,0,0,0,0,0,0,0,0,0,0,0,0,0,0,"West Midlands",-0.0307319797575474,56813,0.863094687461853,1.99955320358276,-0.0149485059082508,0
"Fisher","Nigel",0,1,13.1521835327148,13.1521835327148,1,1913,1996,0,1,0,0,1,0,0,0,0,0,0,0,0,0,0,0,0,0,0,0,"South West England",NA,60936,0.857818067073822,2.53084969520569,0.0334978587925434,1
"Barnard","Douglas",0,1,12.0962562561035,12.0962562561035,0,1924,1994,0,0,1,0,0,1,0,0,0,0,0,0,0,0,0,0,0,0,0,0,"South West England",-0.123600892722607,56407,0.79619550704956,2.55815887451172,-0.15853576362133,0
"Parkinson","Arnold",1,0,12.6128339767456,12.572904586792,0,1921,2000,0,0,0,1,0,1,0,0,0,0,0,0,0,0,0,0,0,0,0,0,"North East England",-0.0153677482157946,59448,0.823391854763031,1.99445486068726,-0.0527283512055874,0
"Pike","Leonard",1,0,12.4797325134277,12.4797325134277,0,1919,1989,0,0,0,1,0,0,1,0,0,0,0,0,0,0,0,0,0,1,0,0,"South West England",-0.141590222716331,54202,0.847385704517365,2.65071678161621,-0.103374697268009,6
"Allaker","Lawrence",1,0,12.4437379837036,12.4437379837036,0,1904,1998,0,0,1,0,0,1,0,0,0,1,0,0,0,0,0,0,0,0,0,0,"South West England",-0.20394042134285,54153,0.850183725357056,1.94055569171906,-0.175021722912788,0
"Barnett","Guy",1,0,12.6879253387451,12.6879253387451,1,1928,1986,1,0,0,0,1,0,0,0,0,1,0,0,0,0,0,0,0,0,0,0,"South West England",-0.151103988289833,59963,0.810216307640076,2.59013938903809,-0.0192454159259796,0
"Boyd","Christopher",1,0,12.489673614502,11.7095146179199,1,1916,2004,1,0,0,0,1,0,0,0,0,0,0,0,0,0,0,0,0,0,0,0,"South West England",-0.072544239461422,55942,0.790908455848694,1.99720561504364,0.0374053567647934,0
"Owens","Bernard",0,1,14.3163547515869,14.2799911499023,0,1928,2002,1,0,0,0,0,1,0,0,0,0,0,0,0,0,1,1,0,0,0,0,"West Midlands",-0.215554594993591,51004,0.65671318769455,1.95757436752319,-0.147216007113457,0
"Critchley","Julian",0,1,12.4480905532837,12.4480905532837,1,1930,2000,1,0,0,0,1,0,0,0,0,0,0,0,0,0,0,0,0,0,0,0,"South East England",-0.0481285527348518,64386,0.807582378387451,1.99922609329224,0.0196742117404938,0
"Pegler","Alfred",1,0,12.5336513519287,12.5336513519287,0,1924,1996,0,0,0,1,0,0,1,0,0,0,0,0,0,0,1,0,0,0,0,0,"South East England",-0.216408044099808,85816,0.794758558273315,2.72471022605896,-0.144685715436935,0
"McKitterick","Thomas",1,0,12.5018329620361,12.5018329620361,0,1914,1986,0,0,1,0,1,0,0,0,0,0,0,0,0,0,0,0,0,0,1,0,"Yorkshire and Humberside",-0.0142496870830655,73849,0.835488617420197,1.99935984611511,-0.0178930312395096,0
"Urwin","Kenneth",1,0,13.270224571228,13.2662763595581,0,1920,2002,0,0,1,0,1,0,0,0,0,1,0,0,0,0,0,0,0,0,0,0,"East Midlands",-0.127757430076599,59671,0.854636251926422,1.96917009353638,-0.125125005841255,0
"Fletcher-Cooke","Charles",0,1,14.6621313095093,14.6585083007812,1,1914,2001,1,0,0,0,1,0,0,0,0,0,1,0,0,0,0,0,0,0,0,0,"North West England",0.123844631016254,41321,0.886377394199371,2.44991207122803,0.0868235677480698,0
"Ponsonby","Thomas",1,0,13.2697200775146,13.2697200775146,0,1930,1990,1,0,0,0,1,0,0,0,0,0,0,0,0,0,1,0,0,0,0,0,"Greater London",-0.14503987133503,55121,0.816186189651489,2.33251738548279,-0.196714758872986,0
"Walter","Alison",1,0,12.3720865249634,12.3720865249634,0,1915,1997,0,0,1,0,0,1,0,0,1,0,0,0,0,0,0,0,0,0,0,0,"East of England",-0.102710478007793,57908,0.785694539546967,1.9405722618103,-0.174996703863144,NA
"Royle","William",1,0,12.1344404220581,12.1344404220581,0,1921,1992,0,0,0,1,0,0,1,0,0,0,0,0,0,0,0,0,0,0,0,0,"South East England",-0.117211796343327,57030,0.765491843223572,1.95932567119598,-0.144080996513367,0
"Fraser","Ian",0,1,13.2387504577637,13.2387504577637,1,1916,1987,1,0,0,0,1,0,0,0,0,0,0,0,0,0,0,0,0,0,0,0,"South West England",0.067682795226574,74078,0.792988479137421,1.97385287284851,0.115094564855099,0
"Loughlin","Charles",1,0,12.1201086044312,12.1201086044312,1,1914,1993,0,0,1,0,0,0,1,0,0,0,0,0,0,0,0,0,0,1,0,0,"South West England",0.098742388188839,54202,0.807682394981384,2.50108122825623,0.123600892722607,0
"Hyam","Sydney",1,0,12.4665880203247,12.4665880203247,0,1917,1994,1,0,0,0,0,0,1,0,0,0,0,0,0,0,0,0,0,0,1,0,"Yorkshire and Humberside",NA,50044,0.817640483379364,1.96933436393738,-0.124786160886288,0
"Jenkins","Hugh",1,0,13.4910879135132,13.4737672805786,1,1908,2004,0,0,1,0,0,0,1,0,0,0,0,0,0,0,0,0,0,0,1,0,"Greater London",-0.0890345498919487,71084,0.769666850566864,2.50923800468445,0.0238891635090113,0
"Leighton","Ronald",1,0,12.9443941116333,12.9443941116333,1,1930,1994,0,0,0,1,0,0,1,0,0,0,0,0,0,0,0,0,0,0,0,0,"North West England",NA,69658,0.794194519519806,2.87158131599426,-0.0384295582771301,0
"Denman","Harold",0,1,13.0797166824341,13.0705842971802,0,1922,2003,1,0,0,0,1,0,0,0,0,0,0,0,0,0,0,0,0,0,0,0,"North West England",-0.2036954164505,49220,0.834762275218964,1.8890585899353,-0.242339432239532,4
"Martin-Jones","David",0,1,12.6368389129639,12.6368389129639,0,1921,1986,1,0,0,0,1,0,0,0,0,0,0,0,0,0,1,0,1,0,0,0,"West Midlands",NA,53948,0.786553740501404,1.93288469314575,-0.186340823769569,0
"Wedgwood","John",0,1,11.0313129425049,11.0313129425049,0,1907,1989,1,0,0,0,1,0,0,1,0,0,0,0,0,0,0,0,0,0,0,0,"West Midlands",NA,72777,0.838767766952515,1.99929165840149,-0.0188227966427803,0
"Beattie-Edwards","Thomas",0,1,13.3670673370361,13.3670673370361,0,1921,1991,0,0,1,0,0,0,1,0,0,0,0,0,0,0,1,1,0,0,0,0,"North West England",-0.207352265715599,51052,0.604501307010651,1.90290701389313,-0.225883796811104,0
"Kaberry","Donald",0,1,13.0604648590088,13.0604648590088,1,1907,1991,0,0,0,1,0,0,1,1,0,0,0,1,0,0,0,0,0,0,0,0,"Yorkshire and Humberside",NA,48876,0.85524594783783,2.16983389854431,0.229635655879974,0
"Orr-Ewing","Charles",0,1,15.2498893737793,15.2761764526367,1,1912,1999,0,0,0,1,0,0,1,1,0,0,0,0,0,0,0,0,0,0,0,0,"Greater London",NA,54153,0.863257825374603,2.67457246780396,0.048237357288599,0
"Heath","Edward",0,1,15.5772552490234,15.5683212280273,1,1916,2005,0,0,0,1,1,0,0,0,0,0,0,0,0,1,0,0,0,0,0,0,"Greater London",NA,63429,0.886692225933075,2.34698963165283,0.00236478075385094,0
"Napley","David",0,1,12.65407371521,12.65407371521,0,1915,1994,0,0,1,0,0,0,1,0,0,0,0,1,0,0,0,0,0,0,1,0,"South West England",NA,51841,0.809397995471954,1.99936461448669,-0.0178265012800694,0
"Stogdon","Norman",1,0,12.4029788970947,12.4029788970947,0,1909,1996,1,0,0,0,1,0,0,0,0,0,0,0,0,0,0,0,0,0,0,0,"South East England",NA,61019,0.77141547203064,1.98475778102875,-0.0876335725188255,0
"Bence","Cyril",1,0,12.1359062194824,12.1359062194824,1,1902,1992,0,0,0,1,0,0,1,0,0,0,0,0,0,0,0,0,0,0,0,0,"Scotland",0.0928910747170448,59987,0.868321478366852,2.15839219093323,0.0657733082771301,0
"Scott-Miller","Ronald",0,1,12.1359062194824,12.1359062194824,1,1904,1992,0,0,0,1,0,0,1,0,0,0,0,0,0,0,0,0,0,0,0,0,"East of England",-0.00630929553881288,51914,0.827734351158142,1.99904954433441,0.0218054037541151,0
"Lagden","Godfrey",0,1,12.0969152450562,12.0969152450562,1,1906,1989,0,0,1,0,0,0,1,0,0,0,0,0,0,0,1,0,0,0,0,0,"Greater London",-0.0162944979965687,77041,0.819758296012878,2.39549112319946,0.0217243283987045,0
"Sloan","Norman",0,1,13.9403791427612,13.9387245178223,0,1914,1999,0,0,1,0,0,1,0,0,0,0,0,1,0,0,0,0,0,0,0,0,"Scotland",-0.202086836099625,48734,0.84727293252945,1.95876455307007,-0.145092144608498,0
"May","Richard",1,0,12.5811882019043,12.1506977081299,0,1938,2004,1,0,0,0,1,0,0,0,0,0,1,0,0,0,0,0,0,0,0,0,"South West England",-0.0375557728111744,67073,0.789826035499573,2.3161096572876,-0.129568099975586,0
"Bazin","James",0,1,13.3829078674316,13.3829078674316,0,1913,1985,0,0,1,0,0,1,0,0,0,0,0,0,0,0,0,1,1,0,0,0,"North East England",-0.172923922538757,62916,0.871733725070953,1.95108675956726,-0.158334240317345,1
"Scholfield","Michael",0,1,13.6029758453369,13.6003923416138,0,1920,2001,0,0,1,0,1,0,0,0,0,0,1,0,0,0,0,0,0,0,0,0,"North West England",-0.195033222436905,54610,0.760153830051422,1.92064416408539,-0.203266531229019,0
"Aldridge","Harold",1,0,12.5811882019043,11.9926404953003,0,1916,2004,0,0,0,1,0,1,0,0,0,0,0,0,0,0,1,0,1,0,0,0,"East of England",-0.0591595359146595,54439,0.817887902259827,1.975670337677,-0.110971361398697,0
"Radford","Patrick",0,1,14.6996946334839,14.6847629547119,0,1920,2005,1,0,0,0,0,0,1,0,0,0,1,0,0,0,0,0,0,0,0,0,"North East England",-0.214812979102135,55564,0.730904877185822,2.01327443122864,-0.106446370482445,1
"Burgess","Lewis",1,0,11.0824327468872,11.0824327468872,0,1922,1989,0,0,1,0,1,0,0,0,0,0,0,0,0,0,0,0,0,0,1,0,"West Midlands",-0.0724322348833084,54303,0.777415633201599,1.92348289489746,-0.199450448155403,0
"Gardner","Edward",0,1,14.6480884552002,14.642596244812,1,1912,2001,0,0,1,0,0,0,1,0,0,0,1,0,0,0,0,0,0,0,1,0,"East of England",0.0946274325251579,78328,0.803965389728546,2.58031487464905,0.0765725001692772,0
"Hart","Norman",1,0,13.4763679504395,13.4763679504395,0,1925,1986,0,0,0,1,0,1,0,0,0,0,0,0,0,0,0,0,1,0,0,0,"South West England",-0.18192583322525,57941,0.802782118320465,2.95024251937866,-0.132798731327057,0
"Newey","John",0,1,11.61452293396,11.61452293396,0,1923,1994,0,0,1,0,1,0,0,0,0,0,1,0,0,0,0,1,0,0,0,0,"West Midlands",NA,58553,0.769490897655487,1.93438768386841,-0.184170812368393,0
"Butcher","Bruce",0,1,12.3383779525757,12.3383779525757,0,1910,1998,0,0,1,0,0,0,1,0,0,0,0,0,0,0,0,1,0,0,0,0,"North West England",-0.0379349179565907,48966,0.834007263183594,1.99694228172302,-0.0391302220523357,0
"Fawcett","John",0,1,13.104811668396,13.0919332504272,0,1930,2003,1,0,0,0,1,0,0,0,0,0,0,0,0,0,0,1,0,0,0,0,"Yorkshire and Humberside",-0.104580007493496,66074,0.796516001224518,1.98360288143158,-0.0909194573760033,1
"McNair-Wilson","Michael",0,1,12.3091411590576,12.3091411590576,1,1930,1993,0,1,0,0,0,0,1,0,0,0,0,0,0,0,0,0,1,0,0,0,"Greater London",-0.0550444759428501,43099,0.708577930927277,2.34092450141907,0.0172893684357405,0
"Green","Alan",0,1,15.2185945510864,15.2185945510864,1,1911,1991,1,0,0,0,0,1,0,0,0,0,0,0,0,0,0,1,1,0,0,0,"North West England",-0.00035161743289791,51933,0.818747222423553,1.99975144863129,0.0111476955935359,5
"Grigg","John",0,1,14.3788375854492,14.3752861022949,0,1924,2001,0,1,0,0,1,0,0,0,0,0,0,0,0,0,0,0,0,0,1,0,"North West England",-0.101233474910259,55472,0.848211705684662,2.31146311759949,-0.0891566798090935,0
"Daly","James",1,0,13.1988201141357,12.7421913146973,0,1936,2002,0,0,1,0,0,1,0,0,0,0,0,0,0,0,0,0,0,0,1,0,"South East England",-0.210239723324776,68539,0.780081391334534,2.7243926525116,-0.148430779576302,0
"Potter","Dennis",1,0,13.5617380142212,13.5617380142212,0,1935,1994,0,0,1,0,1,0,0,0,0,0,0,0,0,0,0,0,0,0,1,0,"South West England",-0.185523986816406,76186,0.810175120830536,2.59914183616638,-0.127373471856117,0
"Potter","Leslie",1,0,12.43053150177,12.43053150177,0,1923,2001,0,0,0,1,0,0,1,0,0,0,0,0,0,0,1,0,1,0,0,0,"East of England",-0.0221523512154818,48213,0.804596245288849,1.95848309993744,-0.145597025752068,0
"Lister","Peter",1,0,12.4605150222778,11.8952016830444,0,1923,2002,0,0,1,0,0,0,1,0,0,0,0,0,0,0,0,0,0,0,0,0,"West Midlands",-0.114242933690548,76476,0.798995792865753,1.99270927906036,-0.0604870393872261,0
"Barrington-Ward","Frank",1,0,11.2764835357666,11.2764835357666,0,1928,1998,1,0,0,0,1,0,0,0,0,0,0,1,0,0,0,1,0,0,0,0,"West Midlands",-0.152767032384872,60925,0.778908491134644,1.99013555049896,-0.0704035386443138,0
"Skeet","Trevor",0,1,13.7657060623169,13.7618360519409,1,1918,2004,1,0,0,0,0,1,0,0,0,0,1,0,0,0,0,0,0,0,0,0,"Greater London",-0.0142841655761003,58865,0.734018504619598,1.99478137493134,0.0511479340493679,0
"Caplan","Leonard",0,1,13.1420497894287,13.0689840316772,0,1909,2001,0,0,1,0,0,1,0,0,0,0,1,0,0,0,0,0,0,0,0,0,"Greater London",NA,54480,0.783388376235962,2.28387022018433,-0.0849129557609558,0
"Medd","Patrick",0,1,13.1133890151978,13.1133890151978,0,1919,1995,1,0,0,0,1,0,0,0,0,0,1,0,0,0,0,0,0,0,0,0,"South West England",-0.140492722392082,49879,0.800196468830109,1.98070859909058,-0.0986896529793739,0
"Bangay","John",0,1,12.6161479949951,12.6161479949951,0,1916,1998,0,0,1,0,0,1,0,0,0,0,0,0,0,0,1,0,0,0,0,0,"Greater London",-0.182539418339729,38014,0.741200625896454,1.96379017829895,-0.135789319872856,0
"Silkin","John",1,0,13.5534009933472,13.5534009933472,1,1923,1987,1,0,0,0,1,0,0,0,0,0,0,0,0,0,0,0,0,0,0,0,"Greater London",0.238968014717102,47124,0.600755453109741,2.07543206214905,0.333027184009552,0
"Silkin","Samuel",1,0,13.5910120010376,13.5910120010376,1,1918,1988,1,0,0,0,1,0,0,0,0,0,1,0,0,0,1,0,0,0,0,0,"Greater London",-0.0424276702105999,64568,0.737625420093536,2.50130796432495,0.060994815081358,1
"Heselton","Philip",0,1,12.489673614502,11.508843421936,0,1926,2004,1,0,0,0,0,0,1,0,0,0,0,1,0,0,0,0,0,0,0,0,"North East England",NA,57763,0.804563462734222,1.99549567699432,-0.0475104376673698,0
"Astor","Jacob",0,1,16.3114910125732,16.3044700622559,1,1918,2000,0,1,0,0,1,0,0,0,0,0,0,0,0,0,0,0,0,0,0,0,"South West England",-0.0160302557051182,66894,0.853678941726685,1.99969089031219,0.0124330194666982,0
"Astor","John",0,1,15.4486436843872,15.4486436843872,1,1923,1987,0,1,0,0,0,0,1,0,0,0,0,0,0,0,1,0,0,0,0,0,"South East England",0.200363710522652,69338,0.793259084224701,2.73938059806824,0.108957692980766,0
"Powell","Enoch",0,1,12.6532011032104,12.6532011032104,1,1912,1998,0,0,0,1,1,0,0,0,0,0,0,0,0,0,0,0,0,0,0,0,"West Midlands",NA,50460,0.872294902801514,2.39296722412109,0.0156988371163607,0
"Parker","Thomas",1,0,12.2106103897095,12.2106103897095,0,1909,1995,0,0,1,0,0,0,1,0,0,0,0,0,0,0,1,1,0,1,0,0,"Greater London",-0.0289125554263592,58226,0.807697594165802,2.57228374481201,-0.0138850500807166,NA
"Prendergast","Michael",1,0,10.6984844207764,10.6984844207764,0,1921,1988,0,0,1,0,0,1,0,0,0,1,0,0,0,0,0,0,0,0,1,0,"South West England",-0.216195493936539,50853,0.772953391075134,2.68834781646729,-0.0698857679963112,0
"Emery","Peter",0,1,14.653356552124,14.653356552124,1,1926,2004,0,0,1,0,1,0,0,0,0,0,0,0,0,0,1,0,0,0,0,0,"South East England",-0.00473933666944504,58772,0.828387677669525,1.98697376251221,0.0809678360819817,0
"Gardiner","Gerald",1,0,11.0717573165894,11.0717573165894,0,1900,1990,1,0,0,0,1,0,0,0,0,0,0,0,0,0,0,0,0,0,0,0,"Greater London",-0.0218015555292368,54496,0.826078951358795,1.99625444412231,-0.0433160066604614,0
"Stokes","John",0,1,13.6197423934937,13.61305809021,1,1917,2003,1,0,0,0,1,0,0,0,0,0,0,0,0,0,0,1,0,0,0,0,"West Midlands",NA,77540,0.720944046974182,1.99461734294891,0.0519480518996716,0
"MacMillan","Maurice",0,1,14.5854043960571,14.5854043960571,1,1921,1984,0,1,0,0,1,0,0,0,0,0,0,0,0,0,1,0,0,0,0,0,"Yorkshire and Humberside",-0.0126948738470674,68714,0.801539719104767,1.99844777584076,0.0278700720518827,4
"Hughes","Cledwyn",1,0,12.43053150177,12.43053150177,1,1916,2001,0,0,0,1,0,1,0,0,0,0,0,0,0,0,0,0,0,0,0,0,"Wales",-0.0656882077455521,36117,0.813993394374847,2.8248598575592,0.020238783210516,0
"Leadbitter","Edward",1,0,13.0768928527832,13.0768928527832,1,1919,1997,0,0,1,0,0,1,0,0,0,1,0,0,0,0,1,0,0,0,0,0,"North East England",-0.00358663103543222,59703,0.819037556648254,1.99314832687378,0.0586310550570488,0
"James","Howell",1,0,12.0065183639526,12.0065183639526,0,1910,1990,0,0,1,0,0,0,1,0,0,0,0,0,0,0,0,0,0,0,0,0,"Scotland",NA,46370,0.795341789722443,1.9997307062149,-0.0116052059456706,NA
"Allison","Peter",1,0,12.489673614502,12.3796720504761,0,1933,2004,0,0,1,0,1,0,0,0,0,1,0,0,0,0,0,0,0,0,0,0,"South East England",-0.145958438515663,65968,0.79903894662857,2.679119348526,-0.0741211548447609,0
"Allison","John",1,0,11.8151445388794,11.8151445388794,0,1919,1988,0,0,0,1,0,1,0,0,0,0,0,0,0,0,0,0,0,0,0,0,"Wales",-0.0255685988813639,75049,0.79205584526062,2.23477864265442,-0.145870834589005,NA
"Loftus","William",0,1,12.1359062194824,12.1359062194824,0,1921,1992,0,0,1,0,0,0,1,0,0,0,0,0,0,0,0,0,1,0,0,0,"North West England",-0.469758927822113,21074,0.570133805274963,1.82377469539642,-0.407240957021713,0
"Lane","David",0,1,14.0831336975098,14.0802707672119,1,1922,1998,0,1,0,0,1,0,0,0,0,0,0,0,0,0,0,0,0,0,0,0,"East of England",-0.020516749471426,65554,0.723723948001862,1.9774968624115,0.106675378978252,0
"Priestley","Leslie",0,1,12.172625541687,12.172625541687,0,1915,1991,0,0,1,0,0,1,0,0,0,0,0,0,0,0,1,1,1,0,0,0,"East Midlands",-0.123381532728672,50973,0.841013848781586,1.97925341129303,-0.102381676435471,0
"Sutton","David",1,0,12.399299621582,10.7898616790771,0,1937,2000,0,0,1,0,0,1,0,0,0,0,0,0,0,0,1,0,0,0,0,0,"South West England",-0.156761050224304,67687,0.790033519268036,2.59125256538391,-0.108854606747627,0
"Way","Michael",0,1,12.5533380508423,11.7347745895386,0,1942,2005,1,0,0,0,0,0,1,0,0,0,0,0,0,0,0,0,0,0,0,0,"North East England",-0.548968970775604,31501,0.614583671092987,1.81012117862701,-0.486311972141266,0
"Scurfield","George",1,0,12.172625541687,12.172625541687,0,1920,1991,0,0,0,1,1,0,0,0,0,0,0,0,0,0,0,0,0,0,0,0,"East of England",0.020516749471426,65554,0.723723948001862,1.9774968624115,-0.106675378978252,NA
"Hall","Percy",1,0,12.3526964187622,12.3526964187622,0,1909,1996,1,0,0,0,0,1,0,0,0,1,0,0,0,0,0,0,0,0,0,0,"North West England",-0.317870289087296,57343,0.710723221302032,1.94609296321869,-0.166433572769165,0
"Biggs-Davison","John",0,1,10.9582672119141,10.9582672119141,1,1918,1988,1,0,0,0,1,0,0,0,0,0,0,0,0,1,0,0,0,0,1,0,"East of England",NA,46583,0.797093331813812,1.99491310119629,0.0504968911409378,0
"Sefton","William",1,0,12.43053150177,12.43053150177,0,1915,2001,0,0,0,1,0,0,1,0,0,0,0,0,0,0,0,0,0,0,0,0,"North West England",NA,49686,0.709153473377228,1.97560977935791,-0.111111111938953,0
"Woodburn","Gordon",1,0,11.4206199645996,11.4206199645996,0,1928,1987,1,0,0,0,0,1,0,0,0,0,0,0,0,0,0,0,0,0,0,0,"North West England",-0.143114060163498,59271,0.692244112491608,2.77483510971069,-0.216280773282051,0
"Parry","Gordon",1,0,12.7163801193237,12.6973142623901,0,1925,2004,0,0,1,0,0,1,0,0,0,1,0,0,0,0,1,0,0,0,1,0,"Wales",0.11971902102232,70719,0.778503656387329,3.58533024787903,-0.0223594587296247,0
"Dunkley","Kenneth",0,1,11.7282772064209,11.7282772064209,0,1920,1985,0,0,1,0,0,0,1,0,0,0,0,0,0,0,1,0,1,0,0,0,"West Midlands",-0.0376835539937019,57679,0.809271991252899,2.4362313747406,-0.0817515775561333,0
"Carlisle","Mark",0,1,13.600905418396,13.5956411361694,1,1929,2005,1,0,0,0,0,1,0,0,0,0,1,0,0,0,0,0,0,0,0,0,"North West England",0.315880537033081,52664,0.836548686027527,2.64024424552917,0.169307246804237,0
"O'Connor","Arthur",0,1,11.8151445388794,11.8151445388794,0,1934,1988,0,0,1,0,0,0,1,0,0,0,0,0,0,0,0,0,0,0,1,0,"North West England",-0.325622707605362,35201,0.569586098194122,1.7036691904068,-0.417057365179062,0
"Spence","John",0,1,13.9386949539185,13.9386949539185,1,1920,1986,0,0,0,1,0,1,0,0,0,0,0,0,0,0,0,0,1,0,0,0,"Yorkshire and Humberside",-0.0797968357801437,80953,0.733845591545105,2.29039621353149,0.0120019530877471,0
"Evans","Dengar",1,0,11.1446962356567,11.0905055999756,0,1909,2002,0,0,1,0,0,1,0,0,0,0,0,0,0,0,0,0,0,0,0,0,"South West England",-0.101778708398342,49517,0.814346611499786,1.97115457057953,-0.120970144867897,0
"Evans","Ioan",1,0,9.40190887451172,9.40190887451172,1,1927,1984,0,0,1,0,0,1,0,0,0,0,0,0,0,0,0,0,0,0,0,0,"West Midlands",NA,58934,0.770472049713135,1.99997234344482,0.00372189306654036,NA
"Evans","Gwyn",1,0,11.0354070663452,11.0354070663452,0,1931,1986,0,0,1,0,0,1,0,0,0,1,0,0,0,0,0,0,0,0,0,0,"Wales",-0.198746502399445,29951,0.827818751335144,3.23969626426697,-0.176937967538834,0
"Bean","Robert",1,0,11.2626266479492,11.2626266479492,1,1935,1987,0,0,1,0,0,0,1,0,0,0,0,0,0,0,1,0,0,0,0,0,"South East England",-0.077108196914196,59800,0.733612060546875,1.93938171863556,-0.176795080304146,0
"Levin","Ian",1,0,11.4723081588745,11.4723081588745,0,1914,1986,0,0,1,0,0,1,0,0,0,0,0,1,0,0,0,0,0,0,0,0,"North West England",-0.0803063958883286,64502,0.810455501079559,1.98975014686584,-0.0717728957533836,0
"Toch","Henry",1,0,12.5952863693237,12.5513038635254,0,1923,2000,0,0,1,0,0,1,0,0,0,0,0,0,0,0,0,0,0,0,1,1,"South West England",-0.228035435080528,66000,0.800484836101532,2.76888823509216,-0.156761050224304,0
"Neate","Eric",1,0,12.9740200042725,12.9740200042725,0,1905,1984,0,0,0,1,0,1,0,0,0,0,0,0,0,0,0,1,1,0,0,0,"South East England",NA,67080,0.836583197116852,1.96688115596771,-0.129762291908264,0
"Griffin","Robert",1,0,12.2233629226685,12.2233629226685,0,1900,1984,0,0,1,0,0,1,0,0,0,1,0,0,0,0,0,0,0,0,0,0,"North East England",-0.218227818608284,40900,0.750488996505737,2.36567044258118,-0.087734155356884,0
"Lonsdale","Richard",0,1,11.8151445388794,11.8151445388794,0,1913,1988,0,0,1,0,0,1,0,0,0,0,0,0,0,0,0,0,0,0,0,0,"West Midlands",-0.238511979579926,51607,0.764082372188568,1.90230572223663,-0.226617977023125,0
"Luard","Evan",1,0,12.8360023498535,12.8360023498535,1,1926,1991,1,0,0,0,1,0,0,0,0,0,0,0,0,0,0,0,0,0,1,0,"South East England",-0.0275911334902048,66303,0.792588591575623,2.4718542098999,0.0461456477642059,0
"Butler","Joyce",1,0,12.737621307373,12.737621307373,1,1910,1992,0,0,1,0,0,0,1,0,1,0,0,0,0,0,1,0,0,0,0,0,"Greater London",0.115766264498234,63015,0.751154482364655,1.98777532577515,0.0784214287996292,NA
"Butler","Victor",1,0,10.7709817886353,10.7709817886353,0,1911,1992,0,0,1,0,0,0,1,0,0,0,0,0,0,0,0,0,0,1,0,0,"East Midlands",-0.110649660229683,43419,0.776042759418488,1.99082863330841,-0.0678735747933388,NA
"Lipman","Cyril",0,1,13.9055233001709,13.9055233001709,0,1918,1997,1,0,0,0,0,1,0,0,0,0,0,0,0,0,0,1,0,0,0,0,"North East England",-0.253354340791702,74274,0.706155598163605,1.94079065322876,-0.174664914608002,0
"Heffer","Eric",1,0,12.172625541687,12.172625541687,1,1922,1991,0,0,0,1,0,0,1,0,0,0,0,0,0,0,0,0,0,0,0,0,"North West England",-0.0905662104487419,52892,0.75622022151947,1.98949837684631,0.0726536363363266,0
"Whitlock","William",1,0,12.43053150177,12.43053150177,1,1918,2001,0,0,1,0,0,1,0,0,0,0,0,0,0,0,0,0,0,1,0,0,"East Midlands",0.127060294151306,59638,0.852962851524353,2.63911938667297,0.0993335843086243,0
"Haseldine","Norman",1,0,12.4437379837036,12.4437379837036,1,1922,1998,0,0,1,0,0,0,1,0,0,0,0,0,0,0,1,0,1,0,0,0,"Yorkshire and Humberside",-0.0804962292313576,49440,0.766059875488281,1.99672448635101,0.0405027195811272,NA
"Davies","Herbert",0,1,12.4050397872925,12.4050397872925,0,1911,1985,0,0,1,0,0,0,1,0,0,0,0,0,0,0,1,0,0,0,0,0,"North West England",NA,56490,0.76956981420517,1.991375207901,-0.065810963511467,0
"Davies","John",0,1,12.1462802886963,12.1462802886963,0,1914,1990,0,0,1,0,1,0,0,0,0,0,1,0,0,0,0,0,0,0,0,0,"Wales",-0.167169138789177,51357,0.863562881946564,1.95829689502716,-0.145930096507072,1
"Davies","Wyndham",0,1,11.4367599487305,11.4367599487305,1,1926,1984,1,0,0,0,0,1,0,0,0,0,0,0,1,0,0,0,0,0,0,0,"West Midlands",-0.00463596312329173,49454,0.740870296955109,1.99984073638916,0.00892491638660431,0
"Cutler","Horace",0,1,12.8826217651367,12.8826217651367,0,1912,1997,0,0,1,0,0,0,1,0,0,0,0,0,0,0,0,1,0,0,0,0,"Greater London",-0.175813689827919,57152,0.623547732830048,1.96848690509796,-0.126525804400444,0
"Argyle","Michael",0,1,9.80296993255615,9.80296993255615,0,1915,1999,1,0,0,0,1,0,0,0,0,0,1,0,0,0,0,1,0,0,0,0,"East Midlands",-0.139074012637138,53183,0.824041545391083,1.98125326633453,-0.0972732454538345,0
"Bennett","Frederic",0,1,13.7203130722046,13.7003297805786,1,1918,2002,0,0,0,1,0,0,1,1,0,0,1,0,0,0,0,0,0,0,0,0,"South East England",-0.0154667915776372,39681,0.868274509906769,1.99984633922577,0.00876531004905701,6
"Bennett","Lionel",1,0,12.43053150177,10.302300453186,0,1929,2001,0,0,1,0,0,1,0,0,0,0,0,0,0,0,1,0,1,0,0,0,"South West England",-0.234479427337646,70141,0.733707845211029,2.60288858413696,-0.18277208507061,0
"Murphy","Brian",1,0,12.2106103897095,12.2106103897095,0,1929,1995,1,0,0,0,1,0,0,0,0,0,0,0,0,0,0,0,0,0,0,0,"South West England",-0.127373471856117,79322,0.800925314426422,2.58160614967346,-0.0819442495703697,NA
"St Clair","Malcolm",0,1,14.5398454666138,14.5252275466919,0,1927,2004,0,1,0,0,0,0,1,0,0,0,0,0,0,0,0,0,0,0,0,0,"South West England",-0.189488306641579,57416,0.813693046569824,1.96936416625977,-0.124724417924881,0
"Tennant","Alison",0,1,14.4644184112549,14.4644184112549,0,1903,1986,1,0,0,0,0,1,0,0,1,0,0,0,0,0,0,0,0,0,0,0,"South West England",-0.0248534195125103,53763,0.815784096717834,2.67933416366577,-0.09569301456213,0
"Holding","Norman",1,0,12.1611738204956,12.1611738204956,0,1931,1995,0,0,1,0,0,1,0,0,0,1,0,0,0,0,0,0,0,0,0,0,"Yorkshire and Humberside",-0.168417066335678,58246,0.814304828643799,1.9396812915802,-0.176344081759453,0
"Collings","Geoffrey",1,0,12.4029788970947,12.4029788970947,0,1913,1996,0,0,0,1,0,0,1,0,0,0,0,0,0,0,0,0,0,0,0,0,"Yorkshire and Humberside",NA,49729,0.888917922973633,2.69548344612122,-0.00144779996480793,NA
"Hill","James",0,1,12.4284496307373,12.4284496307373,1,1924,1999,1,0,0,0,0,1,0,0,0,0,0,0,0,0,0,1,0,0,0,0,"South East England",-0.047920186072588,70732,0.733289062976837,2.34027361869812,0.0347427055239677,0
"Matthews","Gordon",0,1,12.6350240707397,12.6278524398804,1,1908,2000,1,0,0,0,0,0,1,0,0,0,0,0,0,0,0,0,1,0,0,0,"West Midlands",-0.0248387176543474,62449,0.844417035579681,1.99995028972626,0.00498738931491971,0
"Vickers","Joan",0,1,13.4477891921997,13.4477891921997,1,1907,1994,1,0,0,0,0,1,0,0,1,0,0,0,0,0,0,0,0,0,0,0,"South West England",NA,68235,0.771480917930603,2.24056887626648,0.00189962389413267,NA
"Clarke","Terence",0,1,12.5137395858765,12.5137395858765,1,1904,1992,1,0,0,0,0,1,0,0,0,0,0,0,0,0,0,0,0,0,0,0,"South East England",NA,58892,0.834646463394165,2.01972246170044,0.0192252919077873,0
"Yates","William",0,1,12.1201086044312,12.1201086044312,1,1921,1993,1,0,0,0,1,0,0,0,0,0,0,0,0,0,0,0,0,0,0,0,"West Midlands",-0.0469620451331139,46897,0.800904095172882,1.99967610836029,0.0127263041213155,0
"Holdsworth","Albert",0,1,12.6405391693115,12.6405391693115,0,1909,1993,0,0,1,0,1,0,0,0,0,0,1,0,0,0,0,0,0,0,1,0,"East of England",-0.070042572915554,73622,0.851511776447296,1.99090993404388,-0.0675705820322037,0
"Bidwell","Sydney",1,0,12.3720865249634,12.3720865249634,1,1917,1997,0,0,0,1,0,0,1,0,0,0,0,0,0,0,1,0,0,1,0,0,"Greater London",0.050458837300539,52811,0.708166837692261,2.2501003742218,0.142971739172935,0
"Hastings","Stephen",0,1,13.5179767608643,13.35973072052,1,1921,2005,0,1,0,0,0,1,0,0,0,0,0,0,0,0,0,1,0,0,0,0,"East of England",0.113646849989891,58640,0.830388784408569,2.69748377799988,0.109212636947632,2
"Cooper","John",1,0,12.4284496307373,12.4284496307373,0,1921,1999,0,0,1,0,0,0,1,0,0,0,0,0,0,0,0,0,0,0,1,0,"Greater London",-0.251355588436127,67990,0.675981760025024,2.68829488754272,-0.0399260222911835,0
"Dunn","James",1,0,11.3777084350586,11.3777084350586,1,1926,1985,0,0,1,0,0,1,0,0,0,0,0,0,0,0,0,0,1,0,0,0,"North West England",-0.0652726590633392,52426,0.691412687301636,1.97584319114685,0.11057161539793,0
"Bullard","Denys",0,1,13.3691329956055,13.3691329956055,1,1912,1994,0,0,0,1,1,0,0,0,0,0,0,0,0,0,0,0,0,0,0,0,"East of England",-0.00786758214235306,40552,0.826050519943237,1.99965190887451,0.0131948180496693,0
"Ratcliffe","Joyce",0,1,11.9552154541016,11.9552154541016,0,1910,1991,0,0,1,0,0,1,0,0,1,0,0,0,0,0,1,0,0,0,0,0,"East Midlands",-0.112260490655899,69336,0.84156858921051,1.98901200294495,-0.0743260607123375,0
"Donovan","William",0,1,12.351466178894,12.351466178894,0,1903,1985,0,0,1,0,0,0,1,0,0,0,0,1,0,0,1,0,0,0,0,0,"Greater London",-0.0434095896780491,51282,0.673023700714111,2.13862419128418,-0.0269745606929064,0
"Browne","Percy",0,1,12.9570035934448,12.9479990005493,1,1923,2004,0,1,0,0,0,0,1,0,0,0,0,0,0,0,0,0,0,0,0,0,"South West England",NA,44029,0.861568510532379,2.58823370933533,0.0597089678049088,0
"Hirst","Geoffrey",0,1,13.8378000259399,13.8378000259399,1,1904,1984,1,0,0,0,1,0,0,0,0,0,0,0,0,0,0,1,0,0,0,0,"Yorkshire and Humberside",NA,46981,0.893063127994537,2.51960039138794,0.00193054799456149,0
"Boydell","Peter",0,1,14.1492719650269,14.125072479248,0,1920,2001,1,0,0,0,0,1,0,0,0,0,1,0,0,0,0,0,0,0,0,0,"North West England",0.0476872399449348,49121,0.856293618679047,2.59818601608276,-0.0504017882049084,0
"Cronin","John",1,0,13.6090421676636,13.6090421676636,1,1916,1986,0,0,0,1,0,1,0,0,0,0,0,0,0,0,0,0,1,1,0,0,"East Midlands",0.139074012637138,53183,0.824041545391083,1.98125326633453,0.0972732454538345,1
"Cheetham","Stanley",0,1,12.1359062194824,12.1359062194824,0,1912,1992,1,0,0,0,0,0,1,0,0,0,0,0,0,0,1,0,1,0,0,0,"Yorkshire and Humberside",NA,52540,0.811191499233246,1.98586285114288,-0.0843735337257385,0
"Hinchcliffe","Denton",0,1,12.1340990066528,12.1340990066528,0,1907,1994,0,0,0,1,0,1,0,0,0,0,0,0,0,0,0,0,0,0,0,0,"Yorkshire and Humberside",-0.165641531348228,59828,0.779150247573853,1.91625380516052,-0.209052875638008,0
"Brannan","Martin",0,1,12.0962562561035,12.0962562561035,0,1909,1994,1,0,0,0,0,0,1,0,0,0,0,0,0,0,1,0,0,0,0,0,"North West England",-0.200361594557762,49094,0.861449480056763,1.93210446834564,-0.187458619475365,1
"Harman","Anthony",1,0,12.6007461547852,12.5291137695312,0,1912,1999,0,0,0,1,0,0,1,0,0,0,0,0,0,0,0,0,0,0,0,0,"South East England",NA,47261,0.834345459938049,2.72341132164001,-0.0852353423833847,0
"Chandler","Maurice",0,1,12.1867551803589,12.1867551803589,0,1920,1996,0,0,1,0,1,0,0,0,0,0,0,0,0,0,0,0,0,0,0,0,"West Midlands",-0.133605569601059,60363,0.833457589149475,1.99360239505768,-0.056648775935173,0
"Gordon","Dennis",1,0,10.7268486022949,10.7268486022949,0,1915,1997,0,0,0,1,0,1,0,0,0,0,0,1,0,0,1,0,0,0,0,0,"South East England",NA,45182,0.827431261539459,2.37784433364868,-0.140056177973747,0
"Scott","Nicholas",0,1,12.6336727142334,11.7933683395386,1,1933,2005,0,0,1,0,0,1,0,0,0,0,0,0,0,0,1,0,0,0,0,0,"Greater London",0.165361225605011,34176,0.623858869075775,2.40355324745178,0.0676797553896904,0
"Glyn","Alan",0,1,15.4346971511841,15.4346971511841,1,1918,1998,1,0,0,0,1,0,0,0,0,0,1,0,1,0,1,1,0,0,0,0,"Greater London",-0.00504812551662326,55894,0.763158857822418,1.99613904953003,0.0439797453582287,0
"Rutter","William",1,0,12.4437379837036,12.4437379837036,0,1910,1998,0,0,0,1,0,0,1,0,0,0,0,0,0,0,1,0,0,0,0,0,"North West England",-0.106398329138756,44893,0.852827847003937,1.96719610691071,-0.129133358597755,0
"McLean","Neil",0,1,12.9045181274414,12.9045181274414,1,1918,1986,0,1,0,0,0,1,0,0,0,0,0,0,0,0,0,0,0,0,0,0,"Scotland",0.290779739618301,51309,0.674910843372345,2.77167558670044,0.0278956945985556,0
"Lindsay","James",0,1,13.4652557373047,13.4652557373047,1,1906,1997,0,1,0,0,1,0,0,0,0,0,0,0,0,0,0,0,0,0,0,0,"South West England",0.242408186197281,43906,0.811141967773438,2.70916891098022,0.146740049123764,0
"Alderson","John",1,0,12.43053150177,12.43053150177,0,1931,2001,0,0,0,1,0,1,0,0,0,1,0,0,0,0,0,0,0,0,0,0,"North East England",NA,54122,0.818835198879242,2.57063412666321,-0.18821220099926,0
"Pritchard","Thomas",1,0,12.4605150222778,12.154483795166,0,1922,2002,0,0,1,0,0,1,0,0,0,1,0,0,0,0,0,0,0,0,0,0,"West Midlands",-0.122899204492569,59083,0.802210450172424,1.9916170835495,-0.064877524971962,0
"Adkins","Banner",0,1,12.0273323059082,12.0273323059082,0,1916,1997,0,0,1,0,0,0,1,0,0,0,0,0,0,0,0,1,0,0,0,0,"West Midlands",-0.0161417722702026,80377,0.771937251091003,2.49056553840637,-0.0683041587471962,0
"Reynolds","John",1,0,12.1462802886963,12.1462802886963,0,1925,1990,0,0,1,0,0,0,1,0,0,1,0,0,0,0,0,0,0,0,0,0,"Wales",-0.214725032448769,60632,0.806768715381622,2.74812459945679,-0.0740453004837036,NA
"Amery","Julian",0,1,15.5937690734863,15.5937690734863,1,1919,1996,0,1,0,0,1,0,0,0,0,0,0,0,0,0,0,0,0,0,0,0,"North West England",NA,52086,0.868102729320526,2.21704077720642,0.0207448694854975,0
"Park","Trevor",1,0,12.0621900558472,12.0621900558472,1,1927,1995,0,0,1,0,0,1,0,0,0,1,0,0,0,0,1,0,0,0,0,0,"East Midlands",-0.000215377993299626,70245,0.828286707401276,1.99954986572266,0.01500438246876,0
"Swain","Mervyn",1,0,12.3383779525757,12.3383779525757,0,1910,1998,0,0,1,0,0,1,0,0,0,1,0,0,0,0,0,0,0,0,1,0,"North West England",-0.107390597462654,53287,0.821063280105591,1.9892121553421,-0.0736423507332802,0
"Mayer","George",1,0,11.5747194290161,11.5747194290161,0,1920,1993,0,0,1,0,0,1,0,0,0,0,0,0,0,0,0,0,0,0,0,0,"South West England",NA,57150,0.835992991924286,2.47120642662048,-0.136739432811737,NA
"Gibson-Watt","David",0,1,15.4026575088501,15.3867282867432,1,1918,2002,0,1,0,0,1,0,0,0,0,0,0,0,0,0,0,0,0,0,0,0,"South West England",0.269572705030441,45340,0.79499340057373,2.67984509468079,0.210237205028534,0
"Budgen","Nicholas",0,1,12.7118663787842,11.1591339111328,1,1937,1998,1,0,0,0,1,0,0,0,0,0,1,0,0,0,0,0,0,0,0,0,"West Midlands",-0.407485693693161,39013,0.578986465930939,2.1145191192627,-0.304188072681427,0
"Hunt","Dennis",1,0,12.1201086044312,12.1201086044312,0,1929,1993,0,0,0,1,0,1,0,0,0,1,0,0,0,0,0,0,0,0,0,0,"North West England",0.0831643790006638,74576,0.756114542484283,1.99356365203857,-0.0568206012248993,0
"Fox","Marcus",0,1,13.1502447128296,13.1372537612915,1,1927,2002,0,0,1,0,0,0,1,0,0,0,0,0,0,0,1,0,0,0,0,0,"Yorkshire and Humberside",0.037749145179987,50435,0.82416969537735,2.40127515792847,0.114922896027565,0
"Nicholls","Harmar",0,1,14.4133214950562,14.4070482254028,1,1912,2000,0,0,0,1,0,0,1,1,0,0,1,0,0,0,0,1,1,0,0,0,"East Midlands",NA,57502,0.863726496696472,2.34484767913818,0.00289936782792211,0
"Arbuthnot","John",0,1,14.8027591705322,14.8027591705322,1,1912,1992,0,1,0,0,1,0,0,1,0,0,0,0,0,0,0,0,0,0,0,0,"South East England",NA,60999,0.857686161994934,2.26170802116394,0.0441339500248432,3
"Singleton","Geoffrey",0,1,8.80578136444092,7.81996440887451,0,1916,2004,0,0,0,1,0,1,0,0,0,0,0,0,0,0,1,0,0,0,0,0,"North West England",-0.258799076080322,48241,0.758939504623413,1.88583981990814,-0.246039554476738,0
"How","William",0,1,8.50262355804443,8.50262355804443,0,1915,1990,0,1,0,0,1,0,0,0,0,0,0,0,0,0,0,0,0,0,0,0,"Scotland",-0.193436324596405,44857,0.85391354560852,1.94725668430328,-0.16457810997963,0
"Mills","Peter",0,1,12.1618728637695,12.1618728637695,1,1921,1993,1,0,0,0,0,1,0,0,0,0,0,0,0,0,0,0,0,0,0,0,"South West England",0.0597089678049088,44176,0.85107296705246,2.6178674697876,0.0550043880939484,0
"Maynard","Francis",0,1,9.72679710388184,9.72679710388184,0,1903,1985,1,0,0,0,0,0,1,0,0,0,0,0,0,0,0,1,0,0,0,0,"West Midlands",-0.0690428018569946,53598,0.836393177509308,1.99846851825714,-0.0276829730719328,NA
"Fowler","Sir Gerald",1,0,12.5454864501953,12.5454864501953,1,1935,1993,0,0,1,0,0,1,0,1,0,0,0,0,0,0,0,0,0,0,0,0,"West Midlands",-0.0601360723376274,57265,0.812677919864655,1.99933934211731,0.0181786920875311,0
"Stanbrook","Ivor",0,1,12.489673614502,9.31161975860596,1,1924,2004,0,0,1,0,1,0,0,0,0,0,1,0,0,0,0,0,0,0,0,0,"South East England",-0.0334584750235081,65191,0.79069197177887,2.32391738891602,0.0256469957530499,0
"Jones","Arthur",0,1,14.576099395752,14.576099395752,1,1915,1991,0,0,1,0,0,0,1,0,0,0,0,0,0,0,1,0,0,0,0,0,"East Midlands",0.139564424753189,55080,0.830410301685333,1.98551273345947,0.0854194462299347,0
"Jones","Daniel",1,0,12.6272735595703,12.6272735595703,1,1908,1985,0,0,0,1,0,1,0,0,0,0,0,0,0,0,0,0,1,0,0,0,"South East England",0.112508483231068,57990,0.837678909301758,1.96186101436615,0.139428123831749,NA
"Leask","Murray",0,1,12.5816211700439,8.89274215698242,0,1934,2000,1,0,0,0,0,1,0,0,0,0,0,0,0,0,0,1,0,0,0,0,"Greater London",-0.238968014717102,47124,0.600755453109741,2.07543206214905,-0.333027184009552,0
"Owen","Idris",0,1,14.6037712097168,14.5946807861328,1,1912,2003,0,0,1,0,0,1,0,0,0,0,0,0,0,0,1,0,1,0,0,0,"North West England",-0.0836929231882095,52684,0.74813985824585,2.4165050983429,0.0220981854945421,0
"Nicholson","Marjorie",1,0,12.9474754333496,12.9474754333496,0,1914,1997,0,0,0,1,1,0,0,0,1,0,0,0,0,0,0,0,0,0,0,0,"South East England",NA,51580,0.82022100687027,2.30207228660583,-0.217741742730141,0
"Norton","Joseph",0,1,13.3068685531616,13.3019742965698,0,1912,2005,0,0,1,0,0,1,0,0,0,0,0,1,0,0,0,1,0,0,0,0,"North West England",-0.0287179481238127,54824,0.706825494766235,1.99934947490692,-0.0180382449179888,0
"Hargreaves","Kenneth",0,1,13.9895973205566,13.9895973205566,0,1903,1990,1,0,0,0,0,0,1,0,0,0,0,0,0,0,0,1,0,0,0,0,"Yorkshire and Humberside",-0.123892821371555,51468,0.875068008899689,1.9941086769104,-0.0543541014194489,0
"Perry","George",1,0,12.3383779525757,7.14542102813721,1,1920,1998,0,0,0,1,0,1,0,0,0,0,0,0,0,0,1,0,0,0,0,0,"East Midlands",NA,64597,0.756134212017059,1.99991631507874,0.00646957661956549,0
"Pitt","David Thomas",1,0,12.6812829971313,12.6812829971313,0,1913,1994,0,0,1,0,0,1,0,0,0,0,0,0,1,0,1,0,0,0,0,0,"Greater London",0.110178880393505,53005,0.629148185253143,2.38749980926514,-0.0935588330030441,0
"Pitt","Terence",1,0,11.7519569396973,11.7519569396973,0,1937,1986,0,0,1,0,0,1,0,0,0,0,0,0,0,0,0,0,0,0,1,0,"West Midlands",0.0797946229577065,82257,0.736375033855438,1.99787378311157,-0.0326223336160183,0
"Hockton","Thomas",1,0,13.4709415435791,13.4689455032349,0,1925,2001,0,0,1,0,1,0,0,0,0,1,0,0,0,0,0,0,0,0,0,0,"North West England",-0.042286355048418,57102,0.737014472484589,1.99151515960693,-0.0652726590633392,0
"Lomas","Kenneth",1,0,12.4480905532837,11.7061529159546,1,1922,2000,0,0,1,0,0,0,1,0,0,0,0,0,0,0,0,0,0,1,0,0,"Yorkshire and Humberside",-0.236024841666222,50748,0.815598666667938,2.99137473106384,0.0309253446757793,0
"Price","William",1,0,11.1415119171143,11.0466051101685,1,1934,1999,0,0,1,0,0,1,0,0,0,0,0,0,0,0,0,0,0,0,1,0,"West Midlands",-0.0396674424409866,51330,0.849055111408234,2.03641414642334,0.00938460789620876,0
"Frears","John",1,0,13.2225589752197,13.2181129455566,0,1936,1999,1,0,0,0,1,0,0,0,0,0,0,0,0,0,0,1,0,0,0,0,"East Midlands",-0.207860589027405,79616,0.804674923419952,2.5867166519165,-0.118551470339298,0
"Huddart","Joseph",1,0,13.1818990707397,13.1698293685913,0,1911,1998,0,0,0,1,0,0,1,0,0,1,0,0,0,0,0,0,0,0,0,0,"South East England",NA,58909,0.779745042324066,2.35151791572571,-0.065332867205143,0
"Bevins","Reginald",0,1,12.4029788970947,12.4029788970947,1,1908,1996,0,0,0,1,0,0,1,0,0,0,0,0,0,0,0,0,0,0,0,0,"North West England",NA,54393,0.803890228271484,2.27426409721375,0.0599185824394226,0
"Youngson","Robert",0,1,8.43317031860352,8.43317031860352,0,1908,1992,1,0,0,0,0,0,1,0,0,0,0,0,0,0,1,1,0,0,0,0,"North East England",-0.210071071982384,49051,0.769872188568115,1.95320665836334,-0.154781132936478,0
"Scott-Hopkins","James",0,1,11.7035474777222,11.7035474777222,1,1921,1995,0,1,0,0,1,0,0,0,0,0,0,0,0,0,0,1,0,0,0,0,"South West England",0.0451716482639313,42764,0.837199509143829,2.38570857048035,0.0276241544634104,0
"Clapham","Brian",1,0,13.144474029541,13.1395015716553,0,1913,1998,0,0,0,1,0,0,1,0,0,0,0,1,0,0,0,1,0,0,0,0,"East of England",-0.132978618144989,58872,0.754993855953217,1.98225021362305,-0.0946274325251579,0
"Hiley","Joseph",0,1,13.4247255325317,13.4247255325317,1,1902,1989,0,0,0,1,0,1,0,0,0,0,0,0,0,0,1,0,0,0,0,0,"Yorkshire and Humberside",0.106506116688251,52285,0.868738651275635,2.50761961936951,0.143344640731812,NA
"Cope","Joyce",1,0,12.655158996582,12.655158996582,0,1921,1990,0,0,1,0,0,0,1,0,1,0,0,0,0,0,0,0,0,0,0,0,"North West England",-0.188113808631897,66083,0.779716432094574,2.62527942657471,-0.132690295577049,NA
"Reid","Alastair",1,0,12.0015058517456,12.0015058517456,0,1925,1987,0,0,0,1,0,1,0,0,0,0,0,0,0,0,0,0,0,0,0,1,"Scotland",NA,27620,0.631173074245453,1.88068401813507,-0.251878619194031,0
"Hawkins","Paul",0,1,12.597767829895,12.5461044311523,1,1912,2002,1,0,0,0,0,0,1,0,0,0,0,0,0,0,0,0,0,0,0,0,"East of England",-0.00231880601495504,41192,0.819576621055603,2.05086779594421,0.00364336487837136,0
"Hawkins","George",0,1,12.0969152450562,12.0969152450562,0,1919,1989,0,0,1,0,0,0,1,0,0,0,0,0,0,0,1,1,0,0,0,0,"West Midlands",-0.148201495409012,64289,0.647171378135681,1.97907662391663,-0.102821707725525,0
"Tresman","John",0,1,12.4139947891235,11.8952016830444,0,1926,2002,0,0,1,0,1,0,0,0,0,0,0,0,0,0,0,0,0,0,0,0,"North West England",-0.286855518817902,40276,0.601077556610107,1.80826902389526,-0.325622707605362,0
"Lawton","Kenneth",0,1,12.6701316833496,12.6701316833496,0,1924,1985,0,0,1,0,1,0,0,0,0,0,1,0,0,0,0,0,0,0,0,0,"North West England",-0.203981801867485,54459,0.861822664737701,1.96254324913025,-0.138151451945305,0
"Jonas","George",1,0,12.597954750061,12.1110830307007,0,1928,2005,0,0,1,0,0,1,0,0,0,0,0,1,0,0,0,0,0,0,0,0,"West Midlands",-0.20677824318409,59131,0.736331224441528,2.50697755813599,-0.0765502974390984,0
"Braine","Bernard",0,1,13.1847686767578,13.1665363311768,1,1914,2000,0,0,0,1,0,1,0,0,0,0,0,0,0,0,0,0,0,0,0,0,"East of England",NA,59209,0.795689821243286,2.31353449821472,0.0926727801561356,0
"Sisson","Douglas",0,1,12.4165172576904,12.4165172576904,0,1921,1997,0,0,1,0,0,1,0,0,0,0,0,1,0,0,0,1,0,0,0,0,"North West England",NA,51346,0.781501948833466,2.88847136497498,-0.0746878683567047,NA
"Leavey","Anthony",0,1,14.4462642669678,14.4449691772461,1,1915,1999,0,0,0,1,0,0,1,0,0,0,0,0,0,0,0,1,0,0,0,0,"North West England",0.0767313912510872,59203,0.818167984485626,1.99125492572784,0.0662702843546867,4
"Wilde","Ivor",1,0,10.6200227737427,10.6200227737427,0,1921,1985,0,0,1,0,0,0,1,0,0,0,0,0,0,0,0,0,0,0,0,0,"East Midlands",-0.139564424753189,55080,0.830410301685333,1.98551273345947,-0.0854194462299347,0
"Wallace","William",1,0,12.0969152450562,12.0969152450562,0,1912,1989,0,0,0,1,0,1,0,0,0,0,0,0,0,0,1,0,0,0,0,0,"Scotland",-0.0544517189264297,53020,0.804809510707855,2.4187605381012,-0.00103114522062242,NA
"Brown","Roger",1,0,12.597954750061,12.4824419021606,0,1929,2005,0,0,0,1,0,0,1,0,0,0,0,0,0,0,0,0,0,0,0,0,"South East England",-0.231718480587006,67694,0.76334685087204,2.58579063415527,-0.161202922463417,0
"Davies","Clifford",1,0,12.3720865249634,12.3720865249634,0,1910,1997,0,0,1,0,0,1,0,0,0,1,0,0,0,0,0,0,0,0,0,0,"South East England",-0.141681954264641,65313,0.850703537464142,1.94077563285828,-0.174687743186951,0
"Grant","Alec",1,0,13.9894018173218,13.9894018173218,0,1932,1991,1,0,0,0,1,0,0,0,0,0,1,0,0,0,0,0,0,0,0,0,"Greater London",-0.290727376937866,52009,0.736853241920471,2.70750427246094,-0.182944968342781,0
"Jones","George",1,0,12.0969152450562,12.0969152450562,0,1938,1989,0,0,1,0,1,0,0,0,0,0,0,0,0,0,0,0,0,0,0,0,"West Midlands",-0.20286613702774,60606,0.794145822525024,2.46610116958618,-0.142405986785889,0
"Morris","Norman",1,0,12.6859970092773,12.6839227676392,0,1913,2004,0,0,1,0,1,0,0,0,0,1,0,0,0,0,0,0,0,0,0,0,"North West England",-0.286600977182388,51271,0.69163852930069,1.88598310947418,-0.245875746011734,4
"Smith","Kathleen",0,1,12.716968536377,12.709792137146,0,1929,2005,0,0,1,0,0,0,1,0,1,0,0,0,0,0,0,0,0,0,1,0,"Wales",-0.339458286762238,41593,0.816603779792786,3.15794086456299,-0.200647726655006,0
"Smith","Ronald",1,0,12.4029788970947,12.4029788970947,0,1937,1996,0,0,1,0,0,1,0,0,0,1,0,0,0,0,0,0,0,0,0,0,"South West England",-0.138601467013359,53895,0.761907398700714,1.9798846244812,-0.100796334445477,NA
"Thompson","Donald",0,1,12.5533380508423,6.9811840057373,1,1931,2005,0,0,1,0,0,0,1,0,0,0,0,0,0,0,0,0,0,0,0,0,"Yorkshire and Humberside",-0.271667391061783,63086,0.723932385444641,2.52580761909485,-0.159207358956337,0
